[{"model": "admin.logentry", "pk": 1, "fields": {"action_time": "2021-03-25T13:56:34.611Z", "user": 1, "content_type": 8, "object_id": "1", "object_repr": "Laptop", "action_flag": 1, "change_message": "[{\"added\": {}}]"}}, {"model": "admin.logentry", "pk": 2, "fields": {"action_time": "2021-03-25T13:56:46.697Z", "user": 1, "content_type": 8, "object_id": "2", "object_repr": "Mobile", "action_flag": 1, "change_message": "[{\"added\": {}}]"}}, {"model": "admin.logentry", "pk": 3, "fields": {"action_time": "2021-03-25T13:57:03.649Z", "user": 1, "content_type": 8, "object_id": "3", "object_repr": "T-shirt", "action_flag": 1, "change_message": "[{\"added\": {}}]"}}, {"model": "admin.logentry", "pk": 4, "fields": {"action_time": "2021-03-25T13:57:19.469Z", "user": 1, "content_type": 8, "object_id": "4", "object_repr": "Nike Shoe", "action_flag": 1, "change_message": "[{\"added\": {}}]"}}, {"model": "admin.logentry", "pk": 5, "fields": {"action_time": "2021-03-25T13:57:47.281Z", "user": 1, "content_type": 8, "object_id": "5", "object_repr": "Watch", "action_flag": 1, "change_message": "[{\"added\": {}}]"}}, {"model": "admin.logentry", "pk": 6, "fields": {"action_time": "2021-03-25T13:58:13.601Z", "user": 1, "content_type": 8, "object_id": "6", "object_repr": "Communications Skill", "action_flag": 1, "change_message": "[{\"added\": {}}]"}}, {"model": "admin.logentry", "pk": 7, "fields": {"action_time": "2021-03-25T15:00:49.732Z", "user": 1, "content_type": 8, "object_id": "6", "object_repr": "Communications Skill", "action_flag": 2, "change_message": "[{\"changed\": {\"fields\": [\"Image\"]}}]"}}, {"model": "admin.logentry", "pk": 8, "fields": {"action_time": "2021-03-25T15:01:01.043Z", "user": 1, "content_type": 8, "object_id": "6", "object_repr": "Communications Skill", "action_flag": 2, "change_message": "[{\"changed\": {\"fields\": [\"Image\"]}}]"}}, {"model": "admin.logentry", "pk": 9, "fields": {"action_time": "2021-03-25T15:01:40.175Z", "user": 1, "content_type": 8, "object_id": "6", "object_repr": "Communications Skill", "action_flag": 2, "change_message": "[{\"changed\": {\"fields\": [\"Image\"]}}]"}}, {"model": "admin.logentry", "pk": 10, "fields": {"action_time": "2021-03-25T15:02:03.079Z", "user": 1, "content_type": 8, "object_id": "6", "object_repr": "Communications Skill", "action_flag": 2, "change_message": "[{\"changed\": {\"fields\": [\"Image\"]}}]"}}, {"model": "admin.logentry", "pk": 11, "fields": {"action_time": "2021-03-25T15:02:17.519Z", "user": 1, "content_type": 8, "object_id": "5", "object_repr": "Watch", "action_flag": 2, "change_message": "[{\"changed\": {\"fields\": [\"Image\"]}}]"}}, {"model": "admin.logentry", "pk": 12, "fields": {"action_time": "2021-03-25T15:02:27.223Z", "user": 1, "content_type": 8, "object_id": "4", "object_repr": "Nike Shoe", "action_flag": 2, "change_message": "[{\"changed\": {\"fields\": [\"Image\"]}}]"}}, {"model": "admin.logentry", "pk": 13, "fields": {"action_time": "2021-03-25T15:02:33.489Z", "user": 1, "content_type": 8, "object_id": "3", "object_repr": "T-shirt", "action_flag": 2, "change_message": "[{\"changed\": {\"fields\": [\"Image\"]}}]"}}, {"model": "admin.logentry", "pk": 14, "fields": {"action_time": "2021-03-25T15:02:44.015Z", "user": 1, "content_type": 8, "object_id": "2", "object_repr": "Mobile", "action_flag": 2, "change_message": "[{\"changed\": {\"fields\": [\"Image\"]}}]"}}, {"model": "admin.logentry", "pk": 15, "fields": {"action_time": "2021-03-25T15:02:53.985Z", "user": 1, "content_type": 8, "object_id": "1", "object_repr": "Laptop", "action_flag": 2, "change_message": "[{\"changed\": {\"fields\": [\"Image\"]}}]"}}, {"model": "admin.logentry", "pk": 16, "fields": {"action_time": "2021-03-25T15:35:12.559Z", "user": 1, "content_type": 8, "object_id": "1", "object_repr": "Laptop", "action_flag": 2, "change_message": "[{\"changed\": {\"fields\": [\"Image\"]}}]"}}, {"model": "admin.logentry", "pk": 17, "fields": {"action_time": "2021-03-25T15:35:28.987Z", "user": 1, "content_type": 8, "object_id": "1", "object_repr": "Laptop", "action_flag": 2, "change_message": "[{\"changed\": {\"fields\": [\"Image\"]}}]"}}, {"model": "admin.logentry", "pk": 18, "fields": {"action_time": "2021-03-25T15:47:04.511Z", "user": 1, "content_type": 8, "object_id": "6", "object_repr": "Communications Skill", "action_flag": 2, "change_message": "[{\"changed\": {\"fields\": [\"Image\"]}}]"}}, {"model": "admin.logentry", "pk": 19, "fields": {"action_time": "2021-03-25T16:11:28.754Z", "user": 1, "content_type": 8, "object_id": "6", "object_repr": "Communications Skill", "action_flag": 2, "change_message": "[{\"changed\": {\"fields\": [\"Image\"]}}]"}}, {"model": "admin.logentry", "pk": 20, "fields": {"action_time": "2021-03-25T17:03:47.938Z", "user": 1, "content_type": 7, "object_id": "1", "object_repr": "Ellie Goulding", "action_flag": 1, "change_message": "[{\"added\": {}}]"}}, {"model": "admin.logentry", "pk": 21, "fields": {"action_time": "2021-03-25T17:04:48.862Z", "user": 1, "content_type": 10, "object_id": "1", "object_repr": "1", "action_flag": 1, "change_message": "[{\"added\": {}}]"}}, {"model": "admin.logentry", "pk": 22, "fields": {"action_time": "2021-03-25T17:05:11.162Z", "user": 1, "content_type": 11, "object_id": "1", "object_repr": "Laptop", "action_flag": 1, "change_message": "[{\"added\": {}}]"}}, {"model": "admin.logentry", "pk": 23, "fields": {"action_time": "2021-03-25T17:05:29.522Z", "user": 1, "content_type": 11, "object_id": "2", "object_repr": "T-shirt", "action_flag": 1, "change_message": "[{\"added\": {}}]"}}, {"model": "admin.logentry", "pk": 24, "fields": {"action_time": "2021-03-25T17:05:43.500Z", "user": 1, "content_type": 11, "object_id": "3", "object_repr": "Nike Shoe", "action_flag": 1, "change_message": "[{\"added\": {}}]"}}, {"model": "admin.logentry", "pk": 25, "fields": {"action_time": "2021-03-25T17:15:21.405Z", "user": 1, "content_type": 11, "object_id": "2", "object_repr": "T-shirt", "action_flag": 2, "change_message": "[{\"changed\": {\"fields\": [\"Quantity\"]}}]"}}, {"model": "admin.logentry", "pk": 26, "fields": {"action_time": "2021-03-25T17:15:35.043Z", "user": 1, "content_type": 11, "object_id": "3", "object_repr": "Nike Shoe", "action_flag": 2, "change_message": "[{\"changed\": {\"fields\": [\"Quantity\"]}}]"}}, {"model": "admin.logentry", "pk": 27, "fields": {"action_time": "2021-04-04T12:07:47.873Z", "user": 1, "content_type": 12, "object_id": "1", "object_repr": "laptops", "action_flag": 1, "change_message": "[{\"added\": {}}]"}}, {"model": "admin.logentry", "pk": 28, "fields": {"action_time": "2021-04-04T12:08:22.375Z", "user": 1, "content_type": 12, "object_id": "2", "object_repr": "watchs", "action_flag": 1, "change_message": "[{\"added\": {}}]"}}, {"model": "admin.logentry", "pk": 29, "fields": {"action_time": "2021-04-04T12:08:34.184Z", "user": 1, "content_type": 12, "object_id": "3", "object_repr": "clothes", "action_flag": 1, "change_message": "[{\"added\": {}}]"}}, {"model": "admin.logentry", "pk": 30, "fields": {"action_time": "2021-04-04T12:09:39.384Z", "user": 1, "content_type": 12, "object_id": "4", "object_repr": "mobiles", "action_flag": 1, "change_message": "[{\"added\": {}}]"}}, {"model": "admin.logentry", "pk": 31, "fields": {"action_time": "2021-04-04T12:12:10.488Z", "user": 1, "content_type": 8, "object_id": "6", "object_repr": "Communications Skill", "action_flag": 2, "change_message": "[{\"changed\": {\"fields\": [\"Slug\", \"Category\", \"Quantity\", \"Image\", \"Description\", \"Warranty\", \"Return policy\"]}}]"}}, {"model": "admin.logentry", "pk": 32, "fields": {"action_time": "2021-04-04T12:13:25.902Z", "user": 1, "content_type": 8, "object_id": "5", "object_repr": "Watch", "action_flag": 2, "change_message": "[{\"changed\": {\"fields\": [\"Slug\", \"Category\", \"Quantity\", \"Description\", \"Warranty\", \"Return policy\"]}}]"}}, {"model": "admin.logentry", "pk": 33, "fields": {"action_time": "2021-04-04T12:14:27.389Z", "user": 1, "content_type": 8, "object_id": "4", "object_repr": "Nike Shoe", "action_flag": 2, "change_message": "[{\"changed\": {\"fields\": [\"Slug\", \"Category\", \"Quantity\", \"Description\", \"Warranty\", \"Return policy\"]}}]"}}, {"model": "admin.logentry", "pk": 34, "fields": {"action_time": "2021-04-04T12:14:49.639Z", "user": 1, "content_type": 8, "object_id": "5", "object_repr": "Watch", "action_flag": 2, "change_message": "[{\"changed\": {\"fields\": [\"Description\"]}}]"}}, {"model": "admin.logentry", "pk": 35, "fields": {"action_time": "2021-04-04T12:15:04.733Z", "user": 1, "content_type": 8, "object_id": "6", "object_repr": "Communications Skill", "action_flag": 2, "change_message": "[{\"changed\": {\"fields\": [\"Description\"]}}]"}}, {"model": "admin.logentry", "pk": 36, "fields": {"action_time": "2021-04-04T12:15:44.640Z", "user": 1, "content_type": 8, "object_id": "3", "object_repr": "T-shirt", "action_flag": 2, "change_message": "[{\"changed\": {\"fields\": [\"Slug\", \"Category\", \"Quantity\", \"Description\", \"Warranty\", \"Return policy\"]}}]"}}, {"model": "admin.logentry", "pk": 37, "fields": {"action_time": "2021-04-04T12:16:43.228Z", "user": 1, "content_type": 8, "object_id": "2", "object_repr": "Head Phones", "action_flag": 2, "change_message": "[{\"changed\": {\"fields\": [\"Name\", \"Slug\", \"Category\", \"Quantity\", \"Description\", \"Warranty\", \"Return policy\"]}}]"}}, {"model": "admin.logentry", "pk": 38, "fields": {"action_time": "2021-04-04T12:17:58.944Z", "user": 1, "content_type": 8, "object_id": "1", "object_repr": "Mac Pro", "action_flag": 2, "change_message": "[{\"changed\": {\"fields\": [\"Name\", \"Slug\", \"Category\", \"Quantity\", \"Description\", \"Warranty\", \"Return policy\"]}}]"}}, {"model": "admin.logentry", "pk": 39, "fields": {"action_time": "2021-04-04T12:19:06.076Z", "user": 1, "content_type": 8, "object_id": "7", "object_repr": "Half Pant", "action_flag": 1, "change_message": "[{\"added\": {}}]"}}, {"model": "admin.logentry", "pk": 40, "fields": {"action_time": "2021-04-04T12:20:10.669Z", "user": 1, "content_type": 8, "object_id": "8", "object_repr": "Women Blazer", "action_flag": 1, "change_message": "[{\"added\": {}}]"}}, {"model": "admin.logentry", "pk": 41, "fields": {"action_time": "2021-04-04T12:22:10.773Z", "user": 1, "content_type": 8, "object_id": "9", "object_repr": "Men Blazer", "action_flag": 1, "change_message": "[{\"added\": {}}]"}}, {"model": "admin.logentry", "pk": 42, "fields": {"action_time": "2021-04-04T12:23:52.861Z", "user": 1, "content_type": 8, "object_id": "10", "object_repr": "Acer Nitro Pro", "action_flag": 1, "change_message": "[{\"added\": {}}]"}}, {"model": "admin.logentry", "pk": 43, "fields": {"action_time": "2021-04-04T12:25:29.888Z", "user": 1, "content_type": 8, "object_id": "11", "object_repr": "Iphone 12 Max", "action_flag": 1, "change_message": "[{\"added\": {}}]"}}, {"model": "admin.logentry", "pk": 44, "fields": {"action_time": "2021-04-04T12:29:00.658Z", "user": 1, "content_type": 8, "object_id": "12", "object_repr": "Women Watch", "action_flag": 1, "change_message": "[{\"added\": {}}]"}}, {"model": "admin.logentry", "pk": 45, "fields": {"action_time": "2021-04-04T12:30:52.165Z", "user": 1, "content_type": 8, "object_id": "13", "object_repr": "Rolex", "action_flag": 1, "change_message": "[{\"added\": {}}]"}}, {"model": "admin.logentry", "pk": 46, "fields": {"action_time": "2021-04-04T12:32:53.746Z", "user": 1, "content_type": 8, "object_id": "14", "object_repr": "Samsung Galaxy s7", "action_flag": 1, "change_message": "[{\"added\": {}}]"}}, {"model": "admin.logentry", "pk": 47, "fields": {"action_time": "2021-04-04T13:56:23.612Z", "user": 1, "content_type": 8, "object_id": "1", "object_repr": "Mac Pro", "action_flag": 2, "change_message": "[{\"changed\": {\"fields\": [\"Image\"]}}]"}}, {"model": "admin.logentry", "pk": 48, "fields": {"action_time": "2021-04-04T13:56:36.719Z", "user": 1, "content_type": 8, "object_id": "1", "object_repr": "Mac Pro", "action_flag": 2, "change_message": "[{\"changed\": {\"fields\": [\"Image\"]}}]"}}, {"model": "admin.logentry", "pk": 49, "fields": {"action_time": "2021-04-04T15:27:03.334Z", "user": 1, "content_type": 12, "object_id": "4", "object_repr": "Mobiles", "action_flag": 2, "change_message": "[{\"changed\": {\"fields\": [\"Title\"]}}]"}}, {"model": "admin.logentry", "pk": 50, "fields": {"action_time": "2021-04-04T15:27:09.285Z", "user": 1, "content_type": 12, "object_id": "3", "object_repr": "Clothes", "action_flag": 2, "change_message": "[{\"changed\": {\"fields\": [\"Title\"]}}]"}}, {"model": "admin.logentry", "pk": 51, "fields": {"action_time": "2021-04-04T15:27:14.700Z", "user": 1, "content_type": 12, "object_id": "2", "object_repr": "Watchs", "action_flag": 2, "change_message": "[{\"changed\": {\"fields\": [\"Title\"]}}]"}}, {"model": "admin.logentry", "pk": 52, "fields": {"action_time": "2021-04-04T15:27:22.564Z", "user": 1, "content_type": 12, "object_id": "1", "object_repr": "Laptops", "action_flag": 2, "change_message": "[{\"changed\": {\"fields\": [\"Title\"]}}]"}}, {"model": "admin.logentry", "pk": 53, "fields": {"action_time": "2021-04-04T15:34:20.220Z", "user": 1, "content_type": 12, "object_id": "4", "object_repr": "Mobiles", "action_flag": 2, "change_message": "[{\"changed\": {\"fields\": [\"Image\"]}}]"}}, {"model": "admin.logentry", "pk": 54, "fields": {"action_time": "2021-04-04T15:35:18.047Z", "user": 1, "content_type": 12, "object_id": "3", "object_repr": "Clothes", "action_flag": 2, "change_message": "[{\"changed\": {\"fields\": [\"Image\"]}}]"}}, {"model": "admin.logentry", "pk": 55, "fields": {"action_time": "2021-04-04T15:35:44.679Z", "user": 1, "content_type": 12, "object_id": "2", "object_repr": "Watchs", "action_flag": 2, "change_message": "[{\"changed\": {\"fields\": [\"Image\"]}}]"}}, {"model": "admin.logentry", "pk": 56, "fields": {"action_time": "2021-04-04T15:35:53.496Z", "user": 1, "content_type": 12, "object_id": "1", "object_repr": "Laptops", "action_flag": 2, "change_message": "[{\"changed\": {\"fields\": [\"Image\"]}}]"}}, {"model": "admin.logentry", "pk": 57, "fields": {"action_time": "2021-04-04T17:08:13.632Z", "user": 1, "content_type": 12, "object_id": "2", "object_repr": "Watches", "action_flag": 2, "change_message": "[{\"changed\": {\"fields\": [\"Title\"]}}]"}}, {"model": "admin.logentry", "pk": 58, "fields": {"action_time": "2021-04-05T14:02:52.207Z", "user": 1, "content_type": 8, "object_id": "1", "object_repr": "Mac Pro", "action_flag": 2, "change_message": "[{\"changed\": {\"fields\": [\"Quantity\"]}}]"}}, {"model": "admin.logentry", "pk": 59, "fields": {"action_time": "2021-04-05T14:14:42.273Z", "user": 1, "content_type": 8, "object_id": "1", "object_repr": "Mac Pro", "action_flag": 2, "change_message": "[{\"changed\": {\"fields\": [\"Return policy\"]}}]"}}, {"model": "admin.logentry", "pk": 60, "fields": {"action_time": "2021-04-06T08:56:16.608Z", "user": 1, "content_type": 7, "object_id": "1", "object_repr": "ishanpanta", "action_flag": 2, "change_message": "[{\"changed\": {\"fields\": [\"Name\", \"Phone\"]}}]"}}, {"model": "admin.logentry", "pk": 61, "fields": {"action_time": "2021-04-06T10:58:14.773Z", "user": 1, "content_type": 7, "object_id": "2", "object_repr": "mulludon", "action_flag": 3, "change_message": ""}}, {"model": "admin.logentry", "pk": 62, "fields": {"action_time": "2021-04-06T11:00:33.126Z", "user": 1, "content_type": 7, "object_id": "3", "object_repr": "mulludon1", "action_flag": 3, "change_message": ""}}, {"model": "admin.logentry", "pk": 63, "fields": {"action_time": "2021-04-06T14:14:38.856Z", "user": 1, "content_type": 7, "object_id": "7", "object_repr": "ishanpantadasdas", "action_flag": 3, "change_message": ""}}, {"model": "admin.logentry", "pk": 64, "fields": {"action_time": "2021-04-06T14:14:42.045Z", "user": 1, "content_type": 7, "object_id": "6", "object_repr": "dasdas", "action_flag": 3, "change_message": ""}}, {"model": "admin.logentry", "pk": 65, "fields": {"action_time": "2021-04-07T14:17:19.402Z", "user": 1, "content_type": 8, "object_id": "1", "object_repr": "Mac Pro", "action_flag": 2, "change_message": "[]"}}, {"model": "admin.logentry", "pk": 66, "fields": {"action_time": "2021-04-09T08:59:32.302Z", "user": 1, "content_type": 11, "object_id": "2", "object_repr": "T-shirt", "action_flag": 2, "change_message": "[{\"changed\": {\"fields\": [\"Quantity\"]}}]"}}, {"model": "admin.logentry", "pk": 67, "fields": {"action_time": "2021-04-09T09:01:26.425Z", "user": 1, "content_type": 11, "object_id": "1", "object_repr": "Mac Pro", "action_flag": 2, "change_message": "[{\"changed\": {\"fields\": [\"Quantity\"]}}]"}}, {"model": "admin.logentry", "pk": 68, "fields": {"action_time": "2021-04-11T08:35:09.115Z", "user": 1, "content_type": 4, "object_id": "8", "object_repr": "seller_1", "action_flag": 1, "change_message": "[{\"added\": {}}]"}}, {"model": "admin.logentry", "pk": 69, "fields": {"action_time": "2021-04-11T08:35:40.026Z", "user": 1, "content_type": 13, "object_id": "1", "object_repr": "seller_1", "action_flag": 1, "change_message": "[{\"added\": {}}]"}}, {"model": "admin.logentry", "pk": 70, "fields": {"action_time": "2021-04-12T14:00:08.227Z", "user": 1, "content_type": 8, "object_id": "1", "object_repr": "Mac Pro", "action_flag": 2, "change_message": "[{\"changed\": {\"fields\": [\"Seller\"]}}]"}}, {"model": "admin.logentry", "pk": 71, "fields": {"action_time": "2021-04-12T14:00:14.329Z", "user": 1, "content_type": 8, "object_id": "2", "object_repr": "Head Phones", "action_flag": 2, "change_message": "[{\"changed\": {\"fields\": [\"Seller\"]}}]"}}, {"model": "admin.logentry", "pk": 72, "fields": {"action_time": "2021-04-12T14:00:21.450Z", "user": 1, "content_type": 8, "object_id": "3", "object_repr": "T-shirt", "action_flag": 2, "change_message": "[{\"changed\": {\"fields\": [\"Seller\"]}}]"}}, {"model": "admin.logentry", "pk": 73, "fields": {"action_time": "2021-04-12T14:00:28.410Z", "user": 1, "content_type": 8, "object_id": "4", "object_repr": "Nike Shoe", "action_flag": 2, "change_message": "[{\"changed\": {\"fields\": [\"Seller\"]}}]"}}, {"model": "admin.logentry", "pk": 74, "fields": {"action_time": "2021-04-12T14:00:34.992Z", "user": 1, "content_type": 8, "object_id": "5", "object_repr": "Watch", "action_flag": 2, "change_message": "[{\"changed\": {\"fields\": [\"Seller\"]}}]"}}, {"model": "admin.logentry", "pk": 75, "fields": {"action_time": "2021-04-12T14:00:40.353Z", "user": 1, "content_type": 8, "object_id": "6", "object_repr": "Communications Skill", "action_flag": 2, "change_message": "[{\"changed\": {\"fields\": [\"Seller\"]}}]"}}, {"model": "admin.logentry", "pk": 76, "fields": {"action_time": "2021-04-12T14:00:45.649Z", "user": 1, "content_type": 8, "object_id": "7", "object_repr": "Half Pant", "action_flag": 2, "change_message": "[{\"changed\": {\"fields\": [\"Seller\"]}}]"}}, {"model": "admin.logentry", "pk": 77, "fields": {"action_time": "2021-04-12T14:00:51.931Z", "user": 1, "content_type": 8, "object_id": "8", "object_repr": "Women Blazer", "action_flag": 2, "change_message": "[{\"changed\": {\"fields\": [\"Seller\"]}}]"}}, {"model": "admin.logentry", "pk": 78, "fields": {"action_time": "2021-04-12T14:01:02.041Z", "user": 1, "content_type": 8, "object_id": "9", "object_repr": "Men Blazer", "action_flag": 2, "change_message": "[{\"changed\": {\"fields\": [\"Seller\"]}}]"}}, {"model": "admin.logentry", "pk": 79, "fields": {"action_time": "2021-04-12T14:01:17.100Z", "user": 1, "content_type": 8, "object_id": "10", "object_repr": "Acer Nitro Pro", "action_flag": 2, "change_message": "[{\"changed\": {\"fields\": [\"Seller\"]}}]"}}, {"model": "admin.logentry", "pk": 80, "fields": {"action_time": "2021-04-12T14:01:24.588Z", "user": 1, "content_type": 8, "object_id": "11", "object_repr": "Iphone 12 Max", "action_flag": 2, "change_message": "[{\"changed\": {\"fields\": [\"Seller\"]}}]"}}, {"model": "admin.logentry", "pk": 81, "fields": {"action_time": "2021-04-12T14:01:31.156Z", "user": 1, "content_type": 8, "object_id": "12", "object_repr": "Women Watch", "action_flag": 2, "change_message": "[{\"changed\": {\"fields\": [\"Seller\"]}}]"}}, {"model": "admin.logentry", "pk": 82, "fields": {"action_time": "2021-04-12T14:01:36.366Z", "user": 1, "content_type": 8, "object_id": "13", "object_repr": "Rolex", "action_flag": 2, "change_message": "[{\"changed\": {\"fields\": [\"Seller\"]}}]"}}, {"model": "admin.logentry", "pk": 83, "fields": {"action_time": "2021-04-12T14:01:41.953Z", "user": 1, "content_type": 8, "object_id": "14", "object_repr": "Samsung Galaxy s7", "action_flag": 2, "change_message": "[{\"changed\": {\"fields\": [\"Seller\"]}}]"}}, {"model": "admin.logentry", "pk": 84, "fields": {"action_time": "2021-04-12T15:19:23.074Z", "user": 1, "content_type": 4, "object_id": "8", "object_repr": "seller_1", "action_flag": 2, "change_message": "[{\"changed\": {\"fields\": [\"Email address\"]}}]"}}, {"model": "admin.logentry", "pk": 85, "fields": {"action_time": "2021-04-12T15:19:26.220Z", "user": 1, "content_type": 13, "object_id": "1", "object_repr": "seller_1", "action_flag": 2, "change_message": "[]"}}, {"model": "admin.logentry", "pk": 86, "fields": {"action_time": "2021-04-12T17:26:10.947Z", "user": 1, "content_type": 13, "object_id": "1", "object_repr": "seller_1", "action_flag": 2, "change_message": "[{\"changed\": {\"fields\": [\"Image\"]}}]"}}, {"model": "admin.logentry", "pk": 87, "fields": {"action_time": "2021-04-12T17:28:13.756Z", "user": 1, "content_type": 13, "object_id": "1", "object_repr": "seller_1", "action_flag": 2, "change_message": "[{\"changed\": {\"fields\": [\"Image\"]}}]"}}, {"model": "admin.logentry", "pk": 88, "fields": {"action_time": "2021-04-16T10:49:14.249Z", "user": 1, "content_type": 9, "object_id": "6", "object_repr": "Nayabasti", "action_flag": 3, "change_message": ""}}, {"model": "admin.logentry", "pk": 89, "fields": {"action_time": "2021-04-16T10:49:14.899Z", "user": 1, "content_type": 9, "object_id": "5", "object_repr": "Nayabasti", "action_flag": 3, "change_message": ""}}, {"model": "admin.logentry", "pk": 90, "fields": {"action_time": "2021-04-16T10:49:14.984Z", "user": 1, "content_type": 9, "object_id": "3", "object_repr": "Nayabasti", "action_flag": 3, "change_message": ""}}, {"model": "admin.logentry", "pk": 91, "fields": {"action_time": "2021-04-19T03:08:39.684Z", "user": 1, "content_type": 8, "object_id": "1", "object_repr": "Mac Pro", "action_flag": 2, "change_message": "[{\"changed\": {\"fields\": [\"Image\"]}}]"}}, {"model": "admin.logentry", "pk": 92, "fields": {"action_time": "2021-04-19T03:09:08.343Z", "user": 1, "content_type": 8, "object_id": "1", "object_repr": "Mac Pro", "action_flag": 2, "change_message": "[{\"changed\": {\"fields\": [\"Image\"]}}]"}}, {"model": "admin.logentry", "pk": 93, "fields": {"action_time": "2021-04-19T03:10:45.543Z", "user": 1, "content_type": 8, "object_id": "6", "object_repr": "Communications Skill", "action_flag": 2, "change_message": "[{\"changed\": {\"fields\": [\"Image\"]}}]"}}, {"model": "admin.logentry", "pk": 94, "fields": {"action_time": "2021-04-19T03:10:54.665Z", "user": 1, "content_type": 8, "object_id": "6", "object_repr": "Communications Skill", "action_flag": 2, "change_message": "[{\"changed\": {\"fields\": [\"Image\"]}}]"}}, {"model": "admin.logentry", "pk": 95, "fields": {"action_time": "2021-04-19T03:12:08.460Z", "user": 1, "content_type": 8, "object_id": "7", "object_repr": "Half Pant", "action_flag": 2, "change_message": "[{\"changed\": {\"fields\": [\"Image\"]}}]"}}, {"model": "admin.logentry", "pk": 96, "fields": {"action_time": "2021-04-19T03:12:36.218Z", "user": 1, "content_type": 8, "object_id": "7", "object_repr": "Half Pant", "action_flag": 2, "change_message": "[{\"changed\": {\"fields\": [\"Image\"]}}]"}}, {"model": "admin.logentry", "pk": 97, "fields": {"action_time": "2021-04-19T03:12:43.939Z", "user": 1, "content_type": 8, "object_id": "8", "object_repr": "Women Blazer", "action_flag": 2, "change_message": "[{\"changed\": {\"fields\": [\"Image\"]}}]"}}, {"model": "admin.logentry", "pk": 98, "fields": {"action_time": "2021-04-19T03:13:18.910Z", "user": 1, "content_type": 8, "object_id": "8", "object_repr": "Women Blazer", "action_flag": 2, "change_message": "[{\"changed\": {\"fields\": [\"Image\"]}}]"}}, {"model": "admin.logentry", "pk": 99, "fields": {"action_time": "2021-04-19T03:13:25.424Z", "user": 1, "content_type": 8, "object_id": "9", "object_repr": "Men Blazer", "action_flag": 2, "change_message": "[{\"changed\": {\"fields\": [\"Image\"]}}]"}}, {"model": "admin.logentry", "pk": 100, "fields": {"action_time": "2021-04-19T03:14:05.055Z", "user": 1, "content_type": 8, "object_id": "9", "object_repr": "Men Blazer", "action_flag": 2, "change_message": "[{\"changed\": {\"fields\": [\"Image\"]}}]"}}, {"model": "admin.logentry", "pk": 101, "fields": {"action_time": "2021-04-19T03:14:12.580Z", "user": 1, "content_type": 8, "object_id": "10", "object_repr": "Acer Nitro Pro", "action_flag": 2, "change_message": "[{\"changed\": {\"fields\": [\"Image\"]}}]"}}, {"model": "admin.logentry", "pk": 102, "fields": {"action_time": "2021-04-19T03:14:39.501Z", "user": 1, "content_type": 8, "object_id": "10", "object_repr": "Acer Nitro Pro", "action_flag": 2, "change_message": "[{\"changed\": {\"fields\": [\"Image\"]}}]"}}, {"model": "admin.logentry", "pk": 103, "fields": {"action_time": "2021-04-19T03:14:46.464Z", "user": 1, "content_type": 8, "object_id": "11", "object_repr": "Iphone 12 Max", "action_flag": 2, "change_message": "[{\"changed\": {\"fields\": [\"Image\"]}}]"}}, {"model": "admin.logentry", "pk": 104, "fields": {"action_time": "2021-04-19T03:15:25.592Z", "user": 1, "content_type": 8, "object_id": "11", "object_repr": "Iphone 12 Max", "action_flag": 2, "change_message": "[{\"changed\": {\"fields\": [\"Image\"]}}]"}}, {"model": "admin.logentry", "pk": 105, "fields": {"action_time": "2021-04-19T03:15:31.633Z", "user": 1, "content_type": 8, "object_id": "12", "object_repr": "Women Watch", "action_flag": 2, "change_message": "[{\"changed\": {\"fields\": [\"Image\"]}}]"}}, {"model": "admin.logentry", "pk": 106, "fields": {"action_time": "2021-04-19T03:16:08.355Z", "user": 1, "content_type": 8, "object_id": "12", "object_repr": "Women Watch", "action_flag": 2, "change_message": "[{\"changed\": {\"fields\": [\"Image\"]}}]"}}, {"model": "admin.logentry", "pk": 107, "fields": {"action_time": "2021-04-19T03:16:18.914Z", "user": 1, "content_type": 8, "object_id": "13", "object_repr": "Rolex", "action_flag": 2, "change_message": "[{\"changed\": {\"fields\": [\"Image\"]}}]"}}, {"model": "admin.logentry", "pk": 108, "fields": {"action_time": "2021-04-19T03:16:57.932Z", "user": 1, "content_type": 8, "object_id": "13", "object_repr": "Rolex", "action_flag": 2, "change_message": "[{\"changed\": {\"fields\": [\"Image\"]}}]"}}, {"model": "admin.logentry", "pk": 109, "fields": {"action_time": "2021-04-19T03:18:07.415Z", "user": 1, "content_type": 8, "object_id": "14", "object_repr": "Samsung Galaxy s7", "action_flag": 2, "change_message": "[{\"changed\": {\"fields\": [\"Image\"]}}]"}}, {"model": "admin.logentry", "pk": 110, "fields": {"action_time": "2021-04-19T03:18:17.888Z", "user": 1, "content_type": 8, "object_id": "14", "object_repr": "Samsung Galaxy s7", "action_flag": 2, "change_message": "[{\"changed\": {\"fields\": [\"Image\"]}}]"}}, {"model": "admin.logentry", "pk": 111, "fields": {"action_time": "2021-04-19T03:18:55.391Z", "user": 1, "content_type": 12, "object_id": "2", "object_repr": "Watches", "action_flag": 2, "change_message": "[{\"changed\": {\"fields\": [\"Image\"]}}]"}}, {"model": "admin.logentry", "pk": 112, "fields": {"action_time": "2021-04-19T03:19:37.858Z", "user": 1, "content_type": 12, "object_id": "2", "object_repr": "Watches", "action_flag": 2, "change_message": "[{\"changed\": {\"fields\": [\"Image\"]}}]"}}, {"model": "admin.logentry", "pk": 113, "fields": {"action_time": "2021-04-19T03:19:53.869Z", "user": 1, "content_type": 12, "object_id": "3", "object_repr": "Clothes", "action_flag": 2, "change_message": "[{\"changed\": {\"fields\": [\"Image\"]}}]"}}, {"model": "admin.logentry", "pk": 114, "fields": {"action_time": "2021-04-19T03:20:11.210Z", "user": 1, "content_type": 12, "object_id": "3", "object_repr": "Clothes", "action_flag": 2, "change_message": "[{\"changed\": {\"fields\": [\"Image\"]}}]"}}, {"model": "admin.logentry", "pk": 115, "fields": {"action_time": "2021-04-19T03:20:25.838Z", "user": 1, "content_type": 12, "object_id": "4", "object_repr": "Mobiles", "action_flag": 2, "change_message": "[{\"changed\": {\"fields\": [\"Image\"]}}]"}}, {"model": "admin.logentry", "pk": 116, "fields": {"action_time": "2021-04-19T03:20:32.306Z", "user": 1, "content_type": 12, "object_id": "4", "object_repr": "Mobiles", "action_flag": 2, "change_message": "[{\"changed\": {\"fields\": [\"Image\"]}}]"}}, {"model": "admin.logentry", "pk": 117, "fields": {"action_time": "2021-04-19T08:52:24.358Z", "user": 1, "content_type": 10, "object_id": "1", "object_repr": "1", "action_flag": 2, "change_message": "[{\"changed\": {\"fields\": [\"Order status\"]}}]"}}, {"model": "admin.logentry", "pk": 118, "fields": {"action_time": "2021-04-19T08:52:49.143Z", "user": 1, "content_type": 10, "object_id": "5", "object_repr": "5", "action_flag": 2, "change_message": "[{\"changed\": {\"fields\": [\"Order status\"]}}]"}}, {"model": "admin.logentry", "pk": 119, "fields": {"action_time": "2021-04-19T08:55:26.991Z", "user": 1, "content_type": 10, "object_id": "1", "object_repr": "1", "action_flag": 2, "change_message": "[{\"changed\": {\"fields\": [\"Order status\"]}}]"}}, {"model": "admin.logentry", "pk": 120, "fields": {"action_time": "2021-04-19T08:55:37.791Z", "user": 1, "content_type": 10, "object_id": "4", "object_repr": "4", "action_flag": 2, "change_message": "[]"}}, {"model": "admin.logentry", "pk": 121, "fields": {"action_time": "2021-04-19T08:55:45.702Z", "user": 1, "content_type": 10, "object_id": "5", "object_repr": "5", "action_flag": 2, "change_message": "[{\"changed\": {\"fields\": [\"Order status\"]}}]"}}, {"model": "admin.logentry", "pk": 122, "fields": {"action_time": "2021-04-19T09:02:04.686Z", "user": 1, "content_type": 10, "object_id": "1", "object_repr": "1", "action_flag": 2, "change_message": "[{\"changed\": {\"fields\": [\"Order status\"]}}]"}}, {"model": "admin.logentry", "pk": 123, "fields": {"action_time": "2021-04-19T09:02:12.294Z", "user": 1, "content_type": 10, "object_id": "5", "object_repr": "5", "action_flag": 2, "change_message": "[{\"changed\": {\"fields\": [\"Order status\"]}}]"}}, {"model": "admin.logentry", "pk": 124, "fields": {"action_time": "2021-04-19T14:08:48.497Z", "user": 1, "content_type": 11, "object_id": "70", "object_repr": "Iphone 12 Max", "action_flag": 2, "change_message": "[{\"changed\": {\"fields\": [\"OrderItem order status\"]}}]"}}, {"model": "admin.logentry", "pk": 125, "fields": {"action_time": "2021-04-21T06:10:20.287Z", "user": 1, "content_type": 14, "object_id": "1", "object_repr": "Women Watch", "action_flag": 1, "change_message": "[{\"added\": {}}]"}}, {"model": "admin.logentry", "pk": 126, "fields": {"action_time": "2021-04-21T06:11:19.446Z", "user": 1, "content_type": 14, "object_id": "2", "object_repr": "Women Watch", "action_flag": 1, "change_message": "[{\"added\": {}}]"}}, {"model": "admin.logentry", "pk": 127, "fields": {"action_time": "2021-04-21T06:26:14.542Z", "user": 1, "content_type": 14, "object_id": "3", "object_repr": "Women Watch", "action_flag": 1, "change_message": "[{\"added\": {}}]"}}, {"model": "admin.logentry", "pk": 128, "fields": {"action_time": "2021-04-21T06:26:31.843Z", "user": 1, "content_type": 14, "object_id": "4", "object_repr": "Women Watch", "action_flag": 1, "change_message": "[{\"added\": {}}]"}}, {"model": "admin.logentry", "pk": 129, "fields": {"action_time": "2021-04-21T07:50:05.234Z", "user": 1, "content_type": 8, "object_id": "15", "object_repr": "Sports Shoes", "action_flag": 3, "change_message": ""}}, {"model": "admin.logentry", "pk": 130, "fields": {"action_time": "2021-04-21T07:55:50.182Z", "user": 1, "content_type": 8, "object_id": "16", "object_repr": "Black Shoe", "action_flag": 2, "change_message": "[{\"changed\": {\"fields\": [\"Seller\"]}}]"}}, {"model": "admin.logentry", "pk": 131, "fields": {"action_time": "2021-04-21T07:55:56.543Z", "user": 1, "content_type": 8, "object_id": "16", "object_repr": "Black Shoe", "action_flag": 3, "change_message": ""}}, {"model": "admin.logentry", "pk": 132, "fields": {"action_time": "2021-04-21T08:08:40.576Z", "user": 1, "content_type": 8, "object_id": "17", "object_repr": "Black Shoe", "action_flag": 2, "change_message": "[{\"changed\": {\"fields\": [\"Seller\"]}}]"}}, {"model": "admin.logentry", "pk": 133, "fields": {"action_time": "2021-04-21T08:08:44.692Z", "user": 1, "content_type": 8, "object_id": "17", "object_repr": "Black Shoe", "action_flag": 3, "change_message": ""}}, {"model": "admin.logentry", "pk": 134, "fields": {"action_time": "2021-04-21T08:58:06.114Z", "user": 1, "content_type": 8, "object_id": "18", "object_repr": "Black Shoe", "action_flag": 2, "change_message": "[{\"changed\": {\"fields\": [\"Seller\"]}}]"}}, {"model": "admin.logentry", "pk": 135, "fields": {"action_time": "2021-04-21T08:58:14.077Z", "user": 1, "content_type": 8, "object_id": "18", "object_repr": "Black Shoe", "action_flag": 3, "change_message": ""}}, {"model": "admin.logentry", "pk": 136, "fields": {"action_time": "2021-04-21T09:01:03.494Z", "user": 1, "content_type": 8, "object_id": "19", "object_repr": "Black Shoe", "action_flag": 2, "change_message": "[{\"changed\": {\"fields\": [\"Seller\"]}}]"}}, {"model": "admin.logentry", "pk": 137, "fields": {"action_time": "2021-04-21T09:01:08.717Z", "user": 1, "content_type": 8, "object_id": "19", "object_repr": "Black Shoe", "action_flag": 3, "change_message": ""}}, {"model": "admin.logentry", "pk": 138, "fields": {"action_time": "2021-04-21T09:24:15.244Z", "user": 1, "content_type": 8, "object_id": "20", "object_repr": "Black Shoe", "action_flag": 2, "change_message": "[{\"changed\": {\"fields\": [\"Seller\"]}}]"}}, {"model": "admin.logentry", "pk": 139, "fields": {"action_time": "2021-04-21T09:24:20.706Z", "user": 1, "content_type": 8, "object_id": "20", "object_repr": "Black Shoe", "action_flag": 3, "change_message": ""}}, {"model": "admin.logentry", "pk": 140, "fields": {"action_time": "2021-04-23T02:46:18.516Z", "user": 1, "content_type": 11, "object_id": "2", "object_repr": "T-shirt", "action_flag": 2, "change_message": "[{\"changed\": {\"fields\": [\"OrderItem order status\"]}}]"}}, {"model": "admin.logentry", "pk": 141, "fields": {"action_time": "2021-04-23T05:39:03.258Z", "user": 1, "content_type": 8, "object_id": "21", "object_repr": "Black Shoe", "action_flag": 2, "change_message": "[{\"changed\": {\"fields\": [\"Seller\"]}}]"}}, {"model": "admin.logentry", "pk": 142, "fields": {"action_time": "2021-04-23T05:40:09.791Z", "user": 1, "content_type": 8, "object_id": "21", "object_repr": "Black Shoe", "action_flag": 3, "change_message": ""}}, {"model": "admin.logentry", "pk": 143, "fields": {"action_time": "2021-04-23T05:46:08.731Z", "user": 1, "content_type": 8, "object_id": "22", "object_repr": "Black Shoe", "action_flag": 2, "change_message": "[{\"changed\": {\"fields\": [\"Seller\"]}}]"}}, {"model": "admin.logentry", "pk": 144, "fields": {"action_time": "2021-04-23T05:46:15.757Z", "user": 1, "content_type": 8, "object_id": "22", "object_repr": "Black Shoe", "action_flag": 3, "change_message": ""}}, {"model": "admin.logentry", "pk": 145, "fields": {"action_time": "2021-04-23T05:50:36.844Z", "user": 1, "content_type": 8, "object_id": "23", "object_repr": "Black Shoe", "action_flag": 2, "change_message": "[{\"changed\": {\"fields\": [\"Seller\"]}}]"}}, {"model": "admin.logentry", "pk": 146, "fields": {"action_time": "2021-04-23T05:50:42.558Z", "user": 1, "content_type": 8, "object_id": "23", "object_repr": "Black Shoe", "action_flag": 3, "change_message": ""}}, {"model": "admin.logentry", "pk": 147, "fields": {"action_time": "2021-04-23T05:51:58.034Z", "user": 1, "content_type": 8, "object_id": "24", "object_repr": "Black Shoe", "action_flag": 2, "change_message": "[{\"changed\": {\"fields\": [\"Seller\"]}}]"}}, {"model": "admin.logentry", "pk": 148, "fields": {"action_time": "2021-04-23T05:52:10.166Z", "user": 1, "content_type": 8, "object_id": "24", "object_repr": "Black Shoe", "action_flag": 3, "change_message": ""}}, {"model": "admin.logentry", "pk": 149, "fields": {"action_time": "2021-04-23T09:12:41.938Z", "user": 1, "content_type": 8, "object_id": "25", "object_repr": "Black Shoe", "action_flag": 2, "change_message": "[{\"changed\": {\"fields\": [\"Seller\"]}}]"}}, {"model": "admin.logentry", "pk": 150, "fields": {"action_time": "2021-04-23T09:12:58.941Z", "user": 1, "content_type": 8, "object_id": "25", "object_repr": "Black Shoe", "action_flag": 3, "change_message": ""}}, {"model": "admin.logentry", "pk": 151, "fields": {"action_time": "2021-04-23T14:05:09.947Z", "user": 1, "content_type": 10, "object_id": "1", "object_repr": "1", "action_flag": 2, "change_message": "[{\"changed\": {\"fields\": [\"Noti status\"]}}]"}}, {"model": "admin.logentry", "pk": 152, "fields": {"action_time": "2021-04-23T14:08:09.201Z", "user": 1, "content_type": 10, "object_id": "1", "object_repr": "1", "action_flag": 2, "change_message": "[]"}}, {"model": "admin.logentry", "pk": 153, "fields": {"action_time": "2021-04-23T14:11:31.653Z", "user": 1, "content_type": 10, "object_id": "3", "object_repr": "3", "action_flag": 2, "change_message": "[{\"changed\": {\"fields\": [\"Noti status\"]}}]"}}, {"model": "admin.logentry", "pk": 154, "fields": {"action_time": "2021-04-23T14:13:33.896Z", "user": 1, "content_type": 10, "object_id": "2", "object_repr": "2", "action_flag": 2, "change_message": "[{\"changed\": {\"fields\": [\"Noti status\"]}}]"}}, {"model": "admin.logentry", "pk": 155, "fields": {"action_time": "2021-04-23T14:14:10.735Z", "user": 1, "content_type": 10, "object_id": "2", "object_repr": "2", "action_flag": 2, "change_message": "[{\"changed\": {\"fields\": [\"Noti status\"]}}]"}}, {"model": "admin.logentry", "pk": 156, "fields": {"action_time": "2021-04-23T14:29:01.822Z", "user": 1, "content_type": 10, "object_id": "2", "object_repr": "2", "action_flag": 2, "change_message": "[{\"changed\": {\"fields\": [\"Noti status\"]}}]"}}, {"model": "admin.logentry", "pk": 157, "fields": {"action_time": "2021-04-23T14:41:17.164Z", "user": 1, "content_type": 10, "object_id": "3", "object_repr": "3", "action_flag": 2, "change_message": "[{\"changed\": {\"fields\": [\"Noti status\"]}}]"}}, {"model": "admin.logentry", "pk": 158, "fields": {"action_time": "2021-04-23T14:41:24.908Z", "user": 1, "content_type": 10, "object_id": "2", "object_repr": "2", "action_flag": 2, "change_message": "[{\"changed\": {\"fields\": [\"Noti status\"]}}]"}}, {"model": "admin.logentry", "pk": 159, "fields": {"action_time": "2021-04-23T14:43:46.189Z", "user": 1, "content_type": 10, "object_id": "1", "object_repr": "1", "action_flag": 2, "change_message": "[{\"changed\": {\"fields\": [\"Noti status\"]}}]"}}, {"model": "admin.logentry", "pk": 160, "fields": {"action_time": "2021-04-23T15:51:49.951Z", "user": 1, "content_type": 10, "object_id": "1", "object_repr": "1", "action_flag": 2, "change_message": "[{\"changed\": {\"fields\": [\"Noti status\"]}}]"}}, {"model": "admin.logentry", "pk": 161, "fields": {"action_time": "2021-04-23T15:52:40.223Z", "user": 1, "content_type": 10, "object_id": "1", "object_repr": "1", "action_flag": 2, "change_message": "[{\"changed\": {\"fields\": [\"Noti status\"]}}]"}}, {"model": "admin.logentry", "pk": 162, "fields": {"action_time": "2021-04-23T18:06:35.186Z", "user": 1, "content_type": 10, "object_id": "1", "object_repr": "1", "action_flag": 2, "change_message": "[{\"changed\": {\"fields\": [\"Noti status\"]}}]"}}, {"model": "admin.logentry", "pk": 163, "fields": {"action_time": "2021-04-23T18:06:42.151Z", "user": 1, "content_type": 10, "object_id": "3", "object_repr": "3", "action_flag": 2, "change_message": "[{\"changed\": {\"fields\": [\"Noti status\"]}}]"}}, {"model": "admin.logentry", "pk": 164, "fields": {"action_time": "2021-04-24T04:39:19.214Z", "user": 1, "content_type": 10, "object_id": "7", "object_repr": "7", "action_flag": 2, "change_message": "[{\"changed\": {\"fields\": [\"Noti status\"]}}]"}}, {"model": "admin.logentry", "pk": 165, "fields": {"action_time": "2021-04-24T04:44:03.405Z", "user": 1, "content_type": 10, "object_id": "7", "object_repr": "7", "action_flag": 2, "change_message": "[{\"changed\": {\"fields\": [\"Noti status\"]}}]"}}, {"model": "admin.logentry", "pk": 166, "fields": {"action_time": "2021-04-24T10:54:25.097Z", "user": 1, "content_type": 10, "object_id": "1", "object_repr": "1", "action_flag": 2, "change_message": "[{\"changed\": {\"fields\": [\"Noti status\"]}}]"}}, {"model": "admin.logentry", "pk": 167, "fields": {"action_time": "2021-04-24T14:56:38.953Z", "user": 1, "content_type": 11, "object_id": "1", "object_repr": "Mac Pro", "action_flag": 2, "change_message": "[{\"changed\": {\"fields\": [\"Noti status\"]}}]"}}, {"model": "admin.logentry", "pk": 168, "fields": {"action_time": "2021-04-24T14:57:38.947Z", "user": 1, "content_type": 11, "object_id": "2", "object_repr": "T-shirt", "action_flag": 2, "change_message": "[{\"changed\": {\"fields\": [\"Noti status\"]}}]"}}, {"model": "admin.logentry", "pk": 169, "fields": {"action_time": "2021-04-24T14:58:01.617Z", "user": 1, "content_type": 11, "object_id": "4", "object_repr": "Head Phones", "action_flag": 2, "change_message": "[{\"changed\": {\"fields\": [\"Noti status\"]}}]"}}, {"model": "admin.logentry", "pk": 170, "fields": {"action_time": "2021-04-24T14:58:24.810Z", "user": 1, "content_type": 11, "object_id": "4", "object_repr": "Head Phones", "action_flag": 2, "change_message": "[{\"changed\": {\"fields\": [\"Noti status\"]}}]"}}, {"model": "admin.logentry", "pk": 171, "fields": {"action_time": "2021-04-24T14:58:30.459Z", "user": 1, "content_type": 11, "object_id": "2", "object_repr": "T-shirt", "action_flag": 2, "change_message": "[{\"changed\": {\"fields\": [\"Noti status\"]}}]"}}, {"model": "admin.logentry", "pk": 172, "fields": {"action_time": "2021-04-24T14:58:35.497Z", "user": 1, "content_type": 11, "object_id": "1", "object_repr": "Mac Pro", "action_flag": 2, "change_message": "[{\"changed\": {\"fields\": [\"Noti status\"]}}]"}}, {"model": "admin.logentry", "pk": 173, "fields": {"action_time": "2021-04-27T14:26:56.204Z", "user": 1, "content_type": 11, "object_id": "46", "object_repr": "Women Watch", "action_flag": 2, "change_message": "[{\"changed\": {\"fields\": [\"Noti status\"]}}]"}}, {"model": "admin.logentry", "pk": 174, "fields": {"action_time": "2021-04-30T13:05:00.147Z", "user": 1, "content_type": 7, "object_id": "9", "object_repr": "abcd", "action_flag": 3, "change_message": ""}}, {"model": "admin.logentry", "pk": 175, "fields": {"action_time": "2021-04-30T13:12:49.291Z", "user": 1, "content_type": 13, "object_id": "3", "object_repr": "dcba", "action_flag": 3, "change_message": ""}}, {"model": "admin.logentry", "pk": 176, "fields": {"action_time": "2021-05-03T05:49:13.293Z", "user": 1, "content_type": 15, "object_id": "2", "object_repr": "hello its me ...by ishanpanta", "action_flag": 3, "change_message": ""}}, {"model": "admin.logentry", "pk": 177, "fields": {"action_time": "2021-05-03T12:39:13.836Z", "user": 1, "content_type": 15, "object_id": "3", "object_repr": "h...by ishanpanta", "action_flag": 3, "change_message": ""}}, {"model": "admin.logentry", "pk": 178, "fields": {"action_time": "2021-05-08T03:52:26.592Z", "user": 1, "content_type": 16, "object_id": "1", "object_repr": "ishanpanta", "action_flag": 3, "change_message": ""}}, {"model": "admin.logentry", "pk": 179, "fields": {"action_time": "2021-05-08T04:09:46.741Z", "user": 1, "content_type": 16, "object_id": "4", "object_repr": "ishanpanta", "action_flag": 3, "change_message": ""}}, {"model": "admin.logentry", "pk": 180, "fields": {"action_time": "2021-05-08T04:28:32.615Z", "user": 1, "content_type": 16, "object_id": "5", "object_repr": "ishanpanta", "action_flag": 3, "change_message": ""}}, {"model": "admin.logentry", "pk": 181, "fields": {"action_time": "2021-05-08T04:31:26.057Z", "user": 1, "content_type": 16, "object_id": "6", "object_repr": "ishanpanta", "action_flag": 3, "change_message": ""}}, {"model": "admin.logentry", "pk": 182, "fields": {"action_time": "2021-05-09T03:04:24.692Z", "user": 1, "content_type": 8, "object_id": "12", "object_repr": "Women Watch", "action_flag": 2, "change_message": "[{\"changed\": {\"fields\": [\"Description\"]}}]"}}, {"model": "admin.logentry", "pk": 183, "fields": {"action_time": "2021-05-09T03:05:16.763Z", "user": 1, "content_type": 16, "object_id": "3", "object_repr": "mulyankansharma123", "action_flag": 3, "change_message": ""}}, {"model": "admin.logentry", "pk": 184, "fields": {"action_time": "2021-05-09T03:05:16.940Z", "user": 1, "content_type": 16, "object_id": "2", "object_repr": "sangrashpaudel", "action_flag": 3, "change_message": ""}}, {"model": "admin.logentry", "pk": 185, "fields": {"action_time": "2021-05-10T11:45:46.803Z", "user": 1, "content_type": 15, "object_id": "13", "object_repr": "i am sangrash...by sangrashpaudel", "action_flag": 3, "change_message": ""}}, {"model": "admin.logentry", "pk": 186, "fields": {"action_time": "2021-05-10T11:45:46.979Z", "user": 1, "content_type": 15, "object_id": "12", "object_repr": "I am seller...by seller_1", "action_flag": 3, "change_message": ""}}, {"model": "admin.logentry", "pk": 187, "fields": {"action_time": "2021-05-10T11:45:47.053Z", "user": 1, "content_type": 15, "object_id": "11", "object_repr": "I am seller...by seller_1", "action_flag": 3, "change_message": ""}}, {"model": "admin.logentry", "pk": 188, "fields": {"action_time": "2021-05-10T11:45:47.127Z", "user": 1, "content_type": 15, "object_id": "10", "object_repr": "I am seller...by seller_1", "action_flag": 3, "change_message": ""}}, {"model": "admin.logentry", "pk": 189, "fields": {"action_time": "2021-05-12T04:20:47.206Z", "user": 1, "content_type": 13, "object_id": "1", "object_repr": "seller_1", "action_flag": 2, "change_message": "[{\"changed\": {\"fields\": [\"Image\"]}}]"}}, {"model": "admin.logentry", "pk": 190, "fields": {"action_time": "2021-05-13T10:12:40.226Z", "user": 1, "content_type": 4, "object_id": "8", "object_repr": "seller_1", "action_flag": 2, "change_message": "[{\"changed\": {\"fields\": [\"password\"]}}]"}}, {"model": "admin.logentry", "pk": 191, "fields": {"action_time": "2021-05-13T10:24:45.882Z", "user": 1, "content_type": 13, "object_id": "1", "object_repr": "seller_1", "action_flag": 2, "change_message": "[{\"changed\": {\"fields\": [\"Image\"]}}]"}}, {"model": "admin.logentry", "pk": 192, "fields": {"action_time": "2021-05-14T03:38:52.094Z", "user": 1, "content_type": 16, "object_id": "9", "object_repr": "sangrashpaudel", "action_flag": 3, "change_message": ""}}, {"model": "admin.logentry", "pk": 193, "fields": {"action_time": "2021-05-14T03:38:52.535Z", "user": 1, "content_type": 16, "object_id": "8", "object_repr": "mulyankansharma123", "action_flag": 3, "change_message": ""}}, {"model": "admin.logentry", "pk": 194, "fields": {"action_time": "2021-05-14T03:38:52.621Z", "user": 1, "content_type": 16, "object_id": "7", "object_repr": "ishanpanta", "action_flag": 3, "change_message": ""}}, {"model": "admin.logentry", "pk": 195, "fields": {"action_time": "2021-05-14T03:40:35.050Z", "user": 1, "content_type": 16, "object_id": "10", "object_repr": "ishanpanta", "action_flag": 3, "change_message": ""}}, {"model": "admin.logentry", "pk": 196, "fields": {"action_time": "2021-05-15T06:12:36.627Z", "user": 1, "content_type": 8, "object_id": "13", "object_repr": "Rolex", "action_flag": 2, "change_message": "[{\"changed\": {\"fields\": [\"Disable\"]}}]"}}, {"model": "admin.logentry", "pk": 197, "fields": {"action_time": "2021-05-15T06:33:28.804Z", "user": 1, "content_type": 8, "object_id": "14", "object_repr": "Samsung Galaxy s7", "action_flag": 2, "change_message": "[{\"changed\": {\"fields\": [\"Disable\"]}}]"}}, {"model": "admin.logentry", "pk": 198, "fields": {"action_time": "2021-05-15T06:33:33.657Z", "user": 1, "content_type": 8, "object_id": "13", "object_repr": "Rolex", "action_flag": 2, "change_message": "[{\"changed\": {\"fields\": [\"Disable\"]}}]"}}, {"model": "admin.logentry", "pk": 199, "fields": {"action_time": "2021-05-15T06:33:38.890Z", "user": 1, "content_type": 8, "object_id": "12", "object_repr": "Women Watch", "action_flag": 2, "change_message": "[{\"changed\": {\"fields\": [\"Disable\"]}}]"}}, {"model": "admin.logentry", "pk": 200, "fields": {"action_time": "2021-05-15T06:33:45.293Z", "user": 1, "content_type": 8, "object_id": "11", "object_repr": "Iphone 12 Max", "action_flag": 2, "change_message": "[{\"changed\": {\"fields\": [\"Disable\"]}}]"}}, {"model": "admin.logentry", "pk": 201, "fields": {"action_time": "2021-05-15T06:41:58.401Z", "user": 1, "content_type": 8, "object_id": "14", "object_repr": "Samsung Galaxy s7", "action_flag": 2, "change_message": "[{\"changed\": {\"fields\": [\"Disable\"]}}]"}}, {"model": "admin.logentry", "pk": 202, "fields": {"action_time": "2021-05-15T06:42:03.306Z", "user": 1, "content_type": 8, "object_id": "13", "object_repr": "Rolex", "action_flag": 2, "change_message": "[{\"changed\": {\"fields\": [\"Disable\"]}}]"}}, {"model": "admin.logentry", "pk": 203, "fields": {"action_time": "2021-05-15T06:42:08.273Z", "user": 1, "content_type": 8, "object_id": "12", "object_repr": "Women Watch", "action_flag": 2, "change_message": "[{\"changed\": {\"fields\": [\"Disable\"]}}]"}}, {"model": "admin.logentry", "pk": 204, "fields": {"action_time": "2021-05-15T06:42:15.353Z", "user": 1, "content_type": 8, "object_id": "10", "object_repr": "Acer Nitro Pro", "action_flag": 2, "change_message": "[{\"changed\": {\"fields\": [\"Disable\"]}}]"}}, {"model": "admin.logentry", "pk": 205, "fields": {"action_time": "2021-05-16T06:18:10.896Z", "user": 1, "content_type": 8, "object_id": "15", "object_repr": "Black Shoe", "action_flag": 2, "change_message": "[{\"changed\": {\"fields\": [\"Seller\"]}}]"}}, {"model": "admin.logentry", "pk": 206, "fields": {"action_time": "2021-05-16T06:27:02.658Z", "user": 1, "content_type": 8, "object_id": "16", "object_repr": "Black Shoe", "action_flag": 3, "change_message": ""}}, {"model": "admin.logentry", "pk": 207, "fields": {"action_time": "2021-05-16T06:31:12.522Z", "user": 1, "content_type": 8, "object_id": "17", "object_repr": "Black Shoe", "action_flag": 2, "change_message": "[{\"changed\": {\"fields\": [\"Seller\"]}}]"}}, {"model": "admin.logentry", "pk": 208, "fields": {"action_time": "2021-05-16T06:35:49.532Z", "user": 1, "content_type": 8, "object_id": "18", "object_repr": "Black Shoe", "action_flag": 3, "change_message": ""}}, {"model": "admin.logentry", "pk": 209, "fields": {"action_time": "2021-05-16T06:37:51.473Z", "user": 1, "content_type": 8, "object_id": "14", "object_repr": "Samsung Galaxy s7", "action_flag": 2, "change_message": "[{\"changed\": {\"fields\": [\"Seller\"]}}]"}}, {"model": "admin.logentry", "pk": 210, "fields": {"action_time": "2021-05-16T06:37:56.466Z", "user": 1, "content_type": 8, "object_id": "13", "object_repr": "Rolex", "action_flag": 2, "change_message": "[{\"changed\": {\"fields\": [\"Seller\"]}}]"}}, {"model": "admin.logentry", "pk": 211, "fields": {"action_time": "2021-05-16T06:38:01.344Z", "user": 1, "content_type": 8, "object_id": "12", "object_repr": "Women Watch", "action_flag": 2, "change_message": "[{\"changed\": {\"fields\": [\"Seller\"]}}]"}}, {"model": "admin.logentry", "pk": 212, "fields": {"action_time": "2021-05-16T06:38:07.793Z", "user": 1, "content_type": 8, "object_id": "11", "object_repr": "Iphone 12 Max", "action_flag": 2, "change_message": "[{\"changed\": {\"fields\": [\"Seller\"]}}]"}}, {"model": "admin.logentry", "pk": 213, "fields": {"action_time": "2021-05-16T06:38:13.010Z", "user": 1, "content_type": 8, "object_id": "10", "object_repr": "Acer Nitro Pro", "action_flag": 2, "change_message": "[{\"changed\": {\"fields\": [\"Seller\"]}}]"}}, {"model": "admin.logentry", "pk": 214, "fields": {"action_time": "2021-05-16T06:38:24.001Z", "user": 1, "content_type": 8, "object_id": "9", "object_repr": "Men Blazer", "action_flag": 2, "change_message": "[{\"changed\": {\"fields\": [\"Seller\"]}}]"}}, {"model": "admin.logentry", "pk": 215, "fields": {"action_time": "2021-05-16T06:38:30.401Z", "user": 1, "content_type": 8, "object_id": "8", "object_repr": "Women Blazer", "action_flag": 2, "change_message": "[{\"changed\": {\"fields\": [\"Seller\"]}}]"}}, {"model": "admin.logentry", "pk": 216, "fields": {"action_time": "2021-05-16T06:39:23.842Z", "user": 1, "content_type": 8, "object_id": "7", "object_repr": "Half Pant", "action_flag": 2, "change_message": "[{\"changed\": {\"fields\": [\"Seller\"]}}]"}}, {"model": "admin.logentry", "pk": 217, "fields": {"action_time": "2021-05-18T06:51:36.681Z", "user": 1, "content_type": 11, "object_id": "83", "object_repr": "Rolex", "action_flag": 2, "change_message": "[{\"changed\": {\"fields\": [\"Noti status\"]}}]"}}, {"model": "admin.logentry", "pk": 218, "fields": {"action_time": "2021-05-18T07:17:40.759Z", "user": 1, "content_type": 11, "object_id": "82", "object_repr": "Women Watch", "action_flag": 2, "change_message": "[{\"changed\": {\"fields\": [\"Noti status\"]}}]"}}, {"model": "admin.logentry", "pk": 219, "fields": {"action_time": "2021-05-18T07:18:32.791Z", "user": 1, "content_type": 11, "object_id": "82", "object_repr": "Women Watch", "action_flag": 2, "change_message": "[{\"changed\": {\"fields\": [\"OrderItem order status\"]}}]"}}, {"model": "admin.logentry", "pk": 220, "fields": {"action_time": "2021-05-18T07:18:40.711Z", "user": 1, "content_type": 11, "object_id": "82", "object_repr": "Women Watch", "action_flag": 2, "change_message": "[{\"changed\": {\"fields\": [\"OrderItem order status\"]}}]"}}, {"model": "admin.logentry", "pk": 221, "fields": {"action_time": "2021-05-18T07:19:45.008Z", "user": 1, "content_type": 11, "object_id": "70", "object_repr": "Iphone 12 Max", "action_flag": 2, "change_message": "[{\"changed\": {\"fields\": [\"Noti status\"]}}]"}}, {"model": "admin.logentry", "pk": 222, "fields": {"action_time": "2021-05-18T07:36:21.214Z", "user": 1, "content_type": 11, "object_id": "83", "object_repr": "Rolex", "action_flag": 2, "change_message": "[{\"changed\": {\"fields\": [\"Noti status\"]}}]"}}, {"model": "admin.logentry", "pk": 223, "fields": {"action_time": "2021-05-18T10:08:20.579Z", "user": 1, "content_type": 11, "object_id": "83", "object_repr": "Rolex", "action_flag": 2, "change_message": "[{\"changed\": {\"fields\": [\"Noti status\"]}}]"}}, {"model": "admin.logentry", "pk": 224, "fields": {"action_time": "2021-05-18T10:09:15.017Z", "user": 1, "content_type": 11, "object_id": "70", "object_repr": "Iphone 12 Max", "action_flag": 2, "change_message": "[{\"changed\": {\"fields\": [\"Noti status\"]}}]"}}, {"model": "admin.logentry", "pk": 225, "fields": {"action_time": "2021-05-18T10:12:08.763Z", "user": 1, "content_type": 11, "object_id": "83", "object_repr": "Rolex", "action_flag": 2, "change_message": "[{\"changed\": {\"fields\": [\"Noti status\"]}}]"}}, {"model": "admin.logentry", "pk": 226, "fields": {"action_time": "2021-05-20T04:35:17.791Z", "user": 1, "content_type": 8, "object_id": "14", "object_repr": "Samsung Galaxy s7", "action_flag": 2, "change_message": "[{\"changed\": {\"fields\": [\"Image\"]}}]"}}, {"model": "admin.logentry", "pk": 227, "fields": {"action_time": "2021-05-20T06:28:59.266Z", "user": 1, "content_type": 12, "object_id": "1", "object_repr": "Laptops", "action_flag": 2, "change_message": "[{\"changed\": {\"fields\": [\"Image\"]}}]"}}, {"model": "admin.logentry", "pk": 228, "fields": {"action_time": "2021-05-20T06:29:06.203Z", "user": 1, "content_type": 12, "object_id": "1", "object_repr": "Laptops", "action_flag": 2, "change_message": "[{\"changed\": {\"fields\": [\"Image\"]}}]"}}, {"model": "admin.logentry", "pk": 229, "fields": {"action_time": "2021-05-21T09:46:04.726Z", "user": 1, "content_type": 13, "object_id": "2", "object_repr": "seller_2", "action_flag": 2, "change_message": "[{\"changed\": {\"fields\": [\"Image\"]}}]"}}, {"model": "admin.logentry", "pk": 230, "fields": {"action_time": "2021-05-21T09:50:55.180Z", "user": 1, "content_type": 13, "object_id": "2", "object_repr": "seller_2", "action_flag": 2, "change_message": "[{\"changed\": {\"fields\": [\"Image\"]}}]"}}, {"model": "admin.logentry", "pk": 231, "fields": {"action_time": "2021-05-21T17:17:16.735Z", "user": 1, "content_type": 8, "object_id": "14", "object_repr": "Samsung Galaxy s7", "action_flag": 2, "change_message": "[{\"changed\": {\"fields\": [\"Quantity\"]}}]"}}, {"model": "admin.logentry", "pk": 232, "fields": {"action_time": "2021-05-21T17:17:23.406Z", "user": 1, "content_type": 8, "object_id": "13", "object_repr": "Rolex", "action_flag": 2, "change_message": "[{\"changed\": {\"fields\": [\"Quantity\"]}}]"}}, {"model": "admin.logentry", "pk": 233, "fields": {"action_time": "2021-05-21T17:17:31.258Z", "user": 1, "content_type": 8, "object_id": "12", "object_repr": "Women Watch", "action_flag": 2, "change_message": "[{\"changed\": {\"fields\": [\"Quantity\"]}}]"}}, {"model": "admin.logentry", "pk": 234, "fields": {"action_time": "2021-05-21T17:17:39.936Z", "user": 1, "content_type": 8, "object_id": "11", "object_repr": "Iphone 12 Max", "action_flag": 2, "change_message": "[{\"changed\": {\"fields\": [\"Quantity\"]}}]"}}, {"model": "admin.logentry", "pk": 235, "fields": {"action_time": "2021-05-21T17:18:29.464Z", "user": 1, "content_type": 8, "object_id": "10", "object_repr": "Acer Nitro Pro", "action_flag": 2, "change_message": "[{\"changed\": {\"fields\": [\"Quantity\"]}}]"}}, {"model": "admin.logentry", "pk": 236, "fields": {"action_time": "2021-05-21T17:18:40.238Z", "user": 1, "content_type": 8, "object_id": "9", "object_repr": "Men Blazer", "action_flag": 2, "change_message": "[{\"changed\": {\"fields\": [\"Quantity\"]}}]"}}, {"model": "admin.logentry", "pk": 237, "fields": {"action_time": "2021-05-21T17:18:48.997Z", "user": 1, "content_type": 8, "object_id": "6", "object_repr": "Communications Skill", "action_flag": 2, "change_message": "[{\"changed\": {\"fields\": [\"Quantity\"]}}]"}}, {"model": "admin.logentry", "pk": 238, "fields": {"action_time": "2021-05-21T17:18:59.198Z", "user": 1, "content_type": 8, "object_id": "5", "object_repr": "Watch", "action_flag": 2, "change_message": "[{\"changed\": {\"fields\": [\"Quantity\"]}}]"}}, {"model": "admin.logentry", "pk": 239, "fields": {"action_time": "2021-05-21T17:19:07.014Z", "user": 1, "content_type": 8, "object_id": "3", "object_repr": "T-shirt", "action_flag": 2, "change_message": "[{\"changed\": {\"fields\": [\"Quantity\"]}}]"}}, {"model": "admin.logentry", "pk": 240, "fields": {"action_time": "2021-05-21T17:19:14.445Z", "user": 1, "content_type": 8, "object_id": "2", "object_repr": "Head Phones", "action_flag": 2, "change_message": "[{\"changed\": {\"fields\": [\"Quantity\"]}}]"}}, {"model": "admin.logentry", "pk": 241, "fields": {"action_time": "2021-05-21T17:19:21.168Z", "user": 1, "content_type": 8, "object_id": "1", "object_repr": "Mac Pro", "action_flag": 2, "change_message": "[{\"changed\": {\"fields\": [\"Quantity\"]}}]"}}, {"model": "admin.logentry", "pk": 242, "fields": {"action_time": "2021-05-22T04:59:42.190Z", "user": 1, "content_type": 11, "object_id": "161", "object_repr": "Mac Pro", "action_flag": 3, "change_message": ""}}, {"model": "admin.logentry", "pk": 243, "fields": {"action_time": "2021-05-22T04:59:42.916Z", "user": 1, "content_type": 11, "object_id": "160", "object_repr": "Mac Pro", "action_flag": 3, "change_message": ""}}, {"model": "admin.logentry", "pk": 244, "fields": {"action_time": "2021-05-22T05:52:49.257Z", "user": 1, "content_type": 11, "object_id": "163", "object_repr": "Mac Pro", "action_flag": 3, "change_message": ""}}, {"model": "admin.logentry", "pk": 245, "fields": {"action_time": "2021-05-22T05:52:49.426Z", "user": 1, "content_type": 11, "object_id": "162", "object_repr": "Mac Pro", "action_flag": 3, "change_message": ""}}, {"model": "admin.logentry", "pk": 246, "fields": {"action_time": "2021-05-22T08:39:27.959Z", "user": 1, "content_type": 14, "object_id": "4", "object_repr": "Women Watch", "action_flag": 2, "change_message": "[{\"changed\": {\"fields\": [\"Image\"]}}]"}}, {"model": "admin.logentry", "pk": 247, "fields": {"action_time": "2021-05-22T08:39:35.999Z", "user": 1, "content_type": 14, "object_id": "4", "object_repr": "Women Watch", "action_flag": 2, "change_message": "[{\"changed\": {\"fields\": [\"Image\"]}}]"}}, {"model": "admin.logentry", "pk": 248, "fields": {"action_time": "2021-05-23T15:31:19.496Z", "user": 1, "content_type": 8, "object_id": "20", "object_repr": "Black Shoe", "action_flag": 2, "change_message": "[{\"changed\": {\"fields\": [\"Brand\"]}}]"}}, {"model": "admin.logentry", "pk": 249, "fields": {"action_time": "2021-05-23T15:31:45.927Z", "user": 1, "content_type": 8, "object_id": "14", "object_repr": "Samsung Galaxy s7", "action_flag": 2, "change_message": "[{\"changed\": {\"fields\": [\"Brand\"]}}]"}}, {"model": "admin.logentry", "pk": 250, "fields": {"action_time": "2021-05-23T15:32:01.984Z", "user": 1, "content_type": 8, "object_id": "13", "object_repr": "Rolex", "action_flag": 2, "change_message": "[{\"changed\": {\"fields\": [\"Brand\"]}}]"}}, {"model": "admin.logentry", "pk": 251, "fields": {"action_time": "2021-05-23T15:32:09.729Z", "user": 1, "content_type": 8, "object_id": "12", "object_repr": "Women Watch", "action_flag": 2, "change_message": "[{\"changed\": {\"fields\": [\"Brand\"]}}]"}}, {"model": "admin.logentry", "pk": 252, "fields": {"action_time": "2021-05-23T15:32:16.527Z", "user": 1, "content_type": 8, "object_id": "11", "object_repr": "Iphone 12 Max", "action_flag": 2, "change_message": "[{\"changed\": {\"fields\": [\"Brand\"]}}]"}}, {"model": "admin.logentry", "pk": 253, "fields": {"action_time": "2021-05-23T15:32:24.560Z", "user": 1, "content_type": 8, "object_id": "10", "object_repr": "Acer Nitro Pro", "action_flag": 2, "change_message": "[{\"changed\": {\"fields\": [\"Brand\"]}}]"}}, {"model": "admin.logentry", "pk": 254, "fields": {"action_time": "2021-05-23T15:32:32.215Z", "user": 1, "content_type": 8, "object_id": "9", "object_repr": "Men Blazer", "action_flag": 2, "change_message": "[{\"changed\": {\"fields\": [\"Brand\"]}}]"}}, {"model": "admin.logentry", "pk": 255, "fields": {"action_time": "2021-05-23T15:33:12.685Z", "user": 1, "content_type": 8, "object_id": "8", "object_repr": "Women Blazer", "action_flag": 2, "change_message": "[{\"changed\": {\"fields\": [\"Brand\"]}}]"}}, {"model": "admin.logentry", "pk": 256, "fields": {"action_time": "2021-05-23T15:33:20.904Z", "user": 1, "content_type": 8, "object_id": "7", "object_repr": "Half Pant", "action_flag": 2, "change_message": "[{\"changed\": {\"fields\": [\"Brand\"]}}]"}}, {"model": "admin.logentry", "pk": 257, "fields": {"action_time": "2021-05-23T15:33:33.072Z", "user": 1, "content_type": 8, "object_id": "6", "object_repr": "Communications Skill", "action_flag": 2, "change_message": "[{\"changed\": {\"fields\": [\"Brand\"]}}]"}}, {"model": "admin.logentry", "pk": 258, "fields": {"action_time": "2021-05-23T15:33:53.833Z", "user": 1, "content_type": 8, "object_id": "5", "object_repr": "Watch", "action_flag": 2, "change_message": "[{\"changed\": {\"fields\": [\"Brand\"]}}]"}}, {"model": "admin.logentry", "pk": 259, "fields": {"action_time": "2021-05-23T15:34:03.664Z", "user": 1, "content_type": 8, "object_id": "4", "object_repr": "Nike Shoe", "action_flag": 2, "change_message": "[{\"changed\": {\"fields\": [\"Brand\"]}}]"}}, {"model": "admin.logentry", "pk": 260, "fields": {"action_time": "2021-05-23T15:34:11.471Z", "user": 1, "content_type": 8, "object_id": "3", "object_repr": "T-shirt", "action_flag": 2, "change_message": "[{\"changed\": {\"fields\": [\"Brand\"]}}]"}}, {"model": "admin.logentry", "pk": 261, "fields": {"action_time": "2021-05-23T15:34:19.656Z", "user": 1, "content_type": 8, "object_id": "2", "object_repr": "Head Phones", "action_flag": 2, "change_message": "[{\"changed\": {\"fields\": [\"Brand\"]}}]"}}, {"model": "admin.logentry", "pk": 262, "fields": {"action_time": "2021-05-23T15:34:27.503Z", "user": 1, "content_type": 8, "object_id": "1", "object_repr": "Mac Pro", "action_flag": 2, "change_message": "[{\"changed\": {\"fields\": [\"Brand\"]}}]"}}, {"model": "admin.logentry", "pk": 263, "fields": {"action_time": "2021-05-24T09:04:42.322Z", "user": 1, "content_type": 8, "object_id": "2", "object_repr": "Head Phones", "action_flag": 2, "change_message": "[{\"changed\": {\"fields\": [\"Price\"]}}]"}}, {"model": "auth.permission", "pk": 1, "fields": {"name": "Can add log entry", "content_type": 1, "codename": "add_logentry"}}, {"model": "auth.permission", "pk": 2, "fields": {"name": "Can change log entry", "content_type": 1, "codename": "change_logentry"}}, {"model": "auth.permission", "pk": 3, "fields": {"name": "Can delete log entry", "content_type": 1, "codename": "delete_logentry"}}, {"model": "auth.permission", "pk": 4, "fields": {"name": "Can view log entry", "content_type": 1, "codename": "view_logentry"}}, {"model": "auth.permission", "pk": 5, "fields": {"name": "Can add permission", "content_type": 2, "codename": "add_permission"}}, {"model": "auth.permission", "pk": 6, "fields": {"name": "Can change permission", "content_type": 2, "codename": "change_permission"}}, {"model": "auth.permission", "pk": 7, "fields": {"name": "Can delete permission", "content_type": 2, "codename": "delete_permission"}}, {"model": "auth.permission", "pk": 8, "fields": {"name": "Can view permission", "content_type": 2, "codename": "view_permission"}}, {"model": "auth.permission", "pk": 9, "fields": {"name": "Can add group", "content_type": 3, "codename": "add_group"}}, {"model": "auth.permission", "pk": 10, "fields": {"name": "Can change group", "content_type": 3, "codename": "change_group"}}, {"model": "auth.permission", "pk": 11, "fields": {"name": "Can delete group", "content_type": 3, "codename": "delete_group"}}, {"model": "auth.permission", "pk": 12, "fields": {"name": "Can view group", "content_type": 3, "codename": "view_group"}}, {"model": "auth.permission", "pk": 13, "fields": {"name": "Can add user", "content_type": 4, "codename": "add_user"}}, {"model": "auth.permission", "pk": 14, "fields": {"name": "Can change user", "content_type": 4, "codename": "change_user"}}, {"model": "auth.permission", "pk": 15, "fields": {"name": "Can delete user", "content_type": 4, "codename": "delete_user"}}, {"model": "auth.permission", "pk": 16, "fields": {"name": "Can view user", "content_type": 4, "codename": "view_user"}}, {"model": "auth.permission", "pk": 17, "fields": {"name": "Can add content type", "content_type": 5, "codename": "add_contenttype"}}, {"model": "auth.permission", "pk": 18, "fields": {"name": "Can change content type", "content_type": 5, "codename": "change_contenttype"}}, {"model": "auth.permission", "pk": 19, "fields": {"name": "Can delete content type", "content_type": 5, "codename": "delete_contenttype"}}, {"model": "auth.permission", "pk": 20, "fields": {"name": "Can view content type", "content_type": 5, "codename": "view_contenttype"}}, {"model": "auth.permission", "pk": 21, "fields": {"name": "Can add session", "content_type": 6, "codename": "add_session"}}, {"model": "auth.permission", "pk": 22, "fields": {"name": "Can change session", "content_type": 6, "codename": "change_session"}}, {"model": "auth.permission", "pk": 23, "fields": {"name": "Can delete session", "content_type": 6, "codename": "delete_session"}}, {"model": "auth.permission", "pk": 24, "fields": {"name": "Can view session", "content_type": 6, "codename": "view_session"}}, {"model": "auth.permission", "pk": 25, "fields": {"name": "Can add customer", "content_type": 7, "codename": "add_customer"}}, {"model": "auth.permission", "pk": 26, "fields": {"name": "Can change customer", "content_type": 7, "codename": "change_customer"}}, {"model": "auth.permission", "pk": 27, "fields": {"name": "Can delete customer", "content_type": 7, "codename": "delete_customer"}}, {"model": "auth.permission", "pk": 28, "fields": {"name": "Can view customer", "content_type": 7, "codename": "view_customer"}}, {"model": "auth.permission", "pk": 29, "fields": {"name": "Can add product", "content_type": 8, "codename": "add_product"}}, {"model": "auth.permission", "pk": 30, "fields": {"name": "Can change product", "content_type": 8, "codename": "change_product"}}, {"model": "auth.permission", "pk": 31, "fields": {"name": "Can delete product", "content_type": 8, "codename": "delete_product"}}, {"model": "auth.permission", "pk": 32, "fields": {"name": "Can view product", "content_type": 8, "codename": "view_product"}}, {"model": "auth.permission", "pk": 33, "fields": {"name": "Can add shipping address", "content_type": 9, "codename": "add_shippingaddress"}}, {"model": "auth.permission", "pk": 34, "fields": {"name": "Can change shipping address", "content_type": 9, "codename": "change_shippingaddress"}}, {"model": "auth.permission", "pk": 35, "fields": {"name": "Can delete shipping address", "content_type": 9, "codename": "delete_shippingaddress"}}, {"model": "auth.permission", "pk": 36, "fields": {"name": "Can view shipping address", "content_type": 9, "codename": "view_shippingaddress"}}, {"model": "auth.permission", "pk": 37, "fields": {"name": "Can add order", "content_type": 10, "codename": "add_order"}}, {"model": "auth.permission", "pk": 38, "fields": {"name": "Can change order", "content_type": 10, "codename": "change_order"}}, {"model": "auth.permission", "pk": 39, "fields": {"name": "Can delete order", "content_type": 10, "codename": "delete_order"}}, {"model": "auth.permission", "pk": 40, "fields": {"name": "Can view order", "content_type": 10, "codename": "view_order"}}, {"model": "auth.permission", "pk": 41, "fields": {"name": "Can add order item", "content_type": 11, "codename": "add_orderitem"}}, {"model": "auth.permission", "pk": 42, "fields": {"name": "Can change order item", "content_type": 11, "codename": "change_orderitem"}}, {"model": "auth.permission", "pk": 43, "fields": {"name": "Can delete order item", "content_type": 11, "codename": "delete_orderitem"}}, {"model": "auth.permission", "pk": 44, "fields": {"name": "Can view order item", "content_type": 11, "codename": "view_orderitem"}}, {"model": "auth.permission", "pk": 45, "fields": {"name": "Can add category", "content_type": 12, "codename": "add_category"}}, {"model": "auth.permission", "pk": 46, "fields": {"name": "Can change category", "content_type": 12, "codename": "change_category"}}, {"model": "auth.permission", "pk": 47, "fields": {"name": "Can delete category", "content_type": 12, "codename": "delete_category"}}, {"model": "auth.permission", "pk": 48, "fields": {"name": "Can view category", "content_type": 12, "codename": "view_category"}}, {"model": "auth.permission", "pk": 49, "fields": {"name": "Can add seller", "content_type": 13, "codename": "add_seller"}}, {"model": "auth.permission", "pk": 50, "fields": {"name": "Can change seller", "content_type": 13, "codename": "change_seller"}}, {"model": "auth.permission", "pk": 51, "fields": {"name": "Can delete seller", "content_type": 13, "codename": "delete_seller"}}, {"model": "auth.permission", "pk": 52, "fields": {"name": "Can view seller", "content_type": 13, "codename": "view_seller"}}, {"model": "auth.permission", "pk": 53, "fields": {"name": "Can add product image", "content_type": 14, "codename": "add_productimage"}}, {"model": "auth.permission", "pk": 54, "fields": {"name": "Can change product image", "content_type": 14, "codename": "change_productimage"}}, {"model": "auth.permission", "pk": 55, "fields": {"name": "Can delete product image", "content_type": 14, "codename": "delete_productimage"}}, {"model": "auth.permission", "pk": 56, "fields": {"name": "Can view product image", "content_type": 14, "codename": "view_productimage"}}, {"model": "auth.permission", "pk": 57, "fields": {"name": "Can add product comment", "content_type": 15, "codename": "add_productcomment"}}, {"model": "auth.permission", "pk": 58, "fields": {"name": "Can change product comment", "content_type": 15, "codename": "change_productcomment"}}, {"model": "auth.permission", "pk": 59, "fields": {"name": "Can delete product comment", "content_type": 15, "codename": "delete_productcomment"}}, {"model": "auth.permission", "pk": 60, "fields": {"name": "Can view product comment", "content_type": 15, "codename": "view_productcomment"}}, {"model": "auth.permission", "pk": 61, "fields": {"name": "Can add recommendation", "content_type": 16, "codename": "add_recommendation"}}, {"model": "auth.permission", "pk": 62, "fields": {"name": "Can change recommendation", "content_type": 16, "codename": "change_recommendation"}}, {"model": "auth.permission", "pk": 63, "fields": {"name": "Can delete recommendation", "content_type": 16, "codename": "delete_recommendation"}}, {"model": "auth.permission", "pk": 64, "fields": {"name": "Can view recommendation", "content_type": 16, "codename": "view_recommendation"}}, {"model": "auth.permission", "pk": 65, "fields": {"name": "Can add dash app", "content_type": 17, "codename": "add_dashapp"}}, {"model": "auth.permission", "pk": 66, "fields": {"name": "Can change dash app", "content_type": 17, "codename": "change_dashapp"}}, {"model": "auth.permission", "pk": 67, "fields": {"name": "Can delete dash app", "content_type": 17, "codename": "delete_dashapp"}}, {"model": "auth.permission", "pk": 68, "fields": {"name": "Can view dash app", "content_type": 17, "codename": "view_dashapp"}}, {"model": "auth.permission", "pk": 69, "fields": {"name": "Can add stateless app", "content_type": 18, "codename": "add_statelessapp"}}, {"model": "auth.permission", "pk": 70, "fields": {"name": "Can change stateless app", "content_type": 18, "codename": "change_statelessapp"}}, {"model": "auth.permission", "pk": 71, "fields": {"name": "Can delete stateless app", "content_type": 18, "codename": "delete_statelessapp"}}, {"model": "auth.permission", "pk": 72, "fields": {"name": "Can view stateless app", "content_type": 18, "codename": "view_statelessapp"}}, {"model": "auth.user", "pk": 1, "fields": {"password": "pbkdf2_sha256$216000$KjprB9l98jV1$4RiMfvUaglyIdIv8SfDXLRXKPb5DCsLEn6VTIeH0Mc0=", "last_login": "2021-05-29T04:59:59.995Z", "is_superuser": true, "username": "ishanpanta", "first_name": "", "last_name": "", "email": "ishanpanta0124@gmail.com", "is_staff": true, "is_active": true, "date_joined": "2021-03-25T13:43:59.998Z", "groups": [], "user_permissions": []}}, {"model": "auth.user", "pk": 2, "fields": {"password": "pbkdf2_sha256$216000$bEjzX48JVDZT$ICtzBg2mydicPvMeVEthHR5bTqJmnaZhxiQ8v6MoWkw=", "last_login": null, "is_superuser": false, "username": "mulludon", "first_name": "", "last_name": "", "email": "mullu@gmail.com", "is_staff": false, "is_active": true, "date_joined": "2021-04-06T10:55:28.241Z", "groups": [], "user_permissions": []}}, {"model": "auth.user", "pk": 3, "fields": {"password": "pbkdf2_sha256$216000$RbK9kL65Tapw$G4mR1vIuGMh+axMnD1VCugHCLylPpb7vq1ysyNrRQeM=", "last_login": null, "is_superuser": false, "username": "mulludon1", "first_name": "", "last_name": "", "email": "mullu@gmail.com", "is_staff": false, "is_active": true, "date_joined": "2021-04-06T10:59:21.478Z", "groups": [], "user_permissions": []}}, {"model": "auth.user", "pk": 4, "fields": {"password": "pbkdf2_sha256$216000$ifLzY6Zr4H3a$TYB5uhQJbKAcrBX61fRb2FUvecf8h/4HuOr41aF2xfo=", "last_login": null, "is_superuser": false, "username": "mulyankansharma", "first_name": "", "last_name": "", "email": "mullu@gmail.com", "is_staff": false, "is_active": true, "date_joined": "2021-04-06T11:27:26.737Z", "groups": [], "user_permissions": []}}, {"model": "auth.user", "pk": 5, "fields": {"password": "pbkdf2_sha256$216000$GXMiYhG4TcPe$Xr3MWj73vm+5vpsqvRy1EFVfIROAe1roZJ0DM9RaR4E=", "last_login": "2021-05-22T06:55:35.727Z", "is_superuser": false, "username": "sangrashpaudel", "first_name": "", "last_name": "", "email": "sangrash.paudel@gmail.com", "is_staff": false, "is_active": true, "date_joined": "2021-04-06T13:39:11.131Z", "groups": [], "user_permissions": []}}, {"model": "auth.user", "pk": 6, "fields": {"password": "pbkdf2_sha256$216000$u8nhure77fQz$hrD8d42VPtBt4pZiYQO126IR4Z2d1UOBeWGw+x79Pto=", "last_login": null, "is_superuser": false, "username": "dasdas", "first_name": "", "last_name": "", "email": "dasdas@dfsadfas", "is_staff": false, "is_active": true, "date_joined": "2021-04-06T14:14:12.493Z", "groups": [], "user_permissions": []}}, {"model": "auth.user", "pk": 7, "fields": {"password": "pbkdf2_sha256$216000$DT9Frx6YnEuH$A8JkEr1YpXc4WmdmP7nd6Gz/M1OhLasT/Da9+gLkhzo=", "last_login": null, "is_superuser": false, "username": "ishanpantadasdas", "first_name": "", "last_name": "", "email": "dasd@dfsadas", "is_staff": false, "is_active": true, "date_joined": "2021-04-06T14:14:30.027Z", "groups": [], "user_permissions": []}}, {"model": "auth.user", "pk": 8, "fields": {"password": "pbkdf2_sha256$216000$NvtQSnTMZA5K$2tpHpQyEtC6wjlpp9wr9fPhFrCoZfZN2AGGs9h3d1BU=", "last_login": "2021-05-28T18:08:21.172Z", "is_superuser": false, "username": "seller_1", "first_name": "", "last_name": "", "email": "seller1@gmail.com", "is_staff": false, "is_active": true, "date_joined": "2021-04-11T08:35:08Z", "groups": [], "user_permissions": []}}, {"model": "auth.user", "pk": 9, "fields": {"password": "pbkdf2_sha256$216000$9P4Y3ouboylT$x/yVgKRo99dVmVqCmRpc/tbAOL15zWwJkv0kEqTwlmg=", "last_login": "2021-05-29T04:59:28.238Z", "is_superuser": false, "username": "seller_2", "first_name": "", "last_name": "", "email": "seller2@gmail.com", "is_staff": false, "is_active": true, "date_joined": "2021-04-11T09:28:31.288Z", "groups": [], "user_permissions": []}}, {"model": "auth.user", "pk": 10, "fields": {"password": "pbkdf2_sha256$216000$O7lSjFdkPajy$8tdU8ncRZV4zK3d74moksob4OTvLqYXSVBjThsWlpNE=", "last_login": "2021-05-10T05:57:41.660Z", "is_superuser": false, "username": "mulyankansharma123", "first_name": "", "last_name": "", "email": "mullu123@gmail.com", "is_staff": false, "is_active": true, "date_joined": "2021-04-16T10:31:59.090Z", "groups": [], "user_permissions": []}}, {"model": "auth.user", "pk": 11, "fields": {"password": "pbkdf2_sha256$216000$VJP7e1raFZfu$GzQ1PeuQQ/doiqXMvQVAtvyWgmtQ6Ar0WWjqWGFiM0w=", "last_login": "2021-04-30T13:04:44.561Z", "is_superuser": false, "username": "abcd", "first_name": "", "last_name": "", "email": "abcd@gmail.com", "is_staff": false, "is_active": true, "date_joined": "2021-04-30T13:04:14.568Z", "groups": [], "user_permissions": []}}, {"model": "auth.user", "pk": 12, "fields": {"password": "pbkdf2_sha256$216000$2Gf5jg1ZKlAa$KkqF7ek3HT1efMLCHSqGyqfpXH9ya9TV/bgVVNwQ6RE=", "last_login": "2021-04-30T13:12:22.503Z", "is_superuser": false, "username": "dcba", "first_name": "", "last_name": "", "email": "abcd@gmail.com", "is_staff": false, "is_active": true, "date_joined": "2021-04-30T13:12:05.880Z", "groups": [], "user_permissions": []}}, {"model": "contenttypes.contenttype", "pk": 1, "fields": {"app_label": "admin", "model": "logentry"}}, {"model": "contenttypes.contenttype", "pk": 2, "fields": {"app_label": "auth", "model": "permission"}}, {"model": "contenttypes.contenttype", "pk": 3, "fields": {"app_label": "auth", "model": "group"}}, {"model": "contenttypes.contenttype", "pk": 4, "fields": {"app_label": "auth", "model": "user"}}, {"model": "contenttypes.contenttype", "pk": 5, "fields": {"app_label": "contenttypes", "model": "contenttype"}}, {"model": "contenttypes.contenttype", "pk": 6, "fields": {"app_label": "sessions", "model": "session"}}, {"model": "contenttypes.contenttype", "pk": 7, "fields": {"app_label": "store", "model": "customer"}}, {"model": "contenttypes.contenttype", "pk": 8, "fields": {"app_label": "store", "model": "product"}}, {"model": "contenttypes.contenttype", "pk": 9, "fields": {"app_label": "store", "model": "shippingaddress"}}, {"model": "contenttypes.contenttype", "pk": 10, "fields": {"app_label": "store", "model": "order"}}, {"model": "contenttypes.contenttype", "pk": 11, "fields": {"app_label": "store", "model": "orderitem"}}, {"model": "contenttypes.contenttype", "pk": 12, "fields": {"app_label": "store", "model": "category"}}, {"model": "contenttypes.contenttype", "pk": 13, "fields": {"app_label": "store", "model": "seller"}}, {"model": "contenttypes.contenttype", "pk": 14, "fields": {"app_label": "store", "model": "productimage"}}, {"model": "contenttypes.contenttype", "pk": 15, "fields": {"app_label": "store", "model": "productcomment"}}, {"model": "contenttypes.contenttype", "pk": 16, "fields": {"app_label": "store", "model": "recommendation"}}, {"model": "contenttypes.contenttype", "pk": 17, "fields": {"app_label": "django_plotly_dash", "model": "dashapp"}}, {"model": "contenttypes.contenttype", "pk": 18, "fields": {"app_label": "django_plotly_dash", "model": "statelessapp"}}, {"model": "sessions.session", "pk": "0p0e94zs68zsw1wl7j1bek85w9juzb49", "fields": {"session_data": ".eJxVjDsOwjAQBe_iGll2_Kekzxkse3eDA8iW4qRC3J1ESgHtm5n3ZjFta4lbpyXOyK7Ms8vvlhM8qR4AH6neG4dW12XO_FD4STsfG9Lrdrp_ByX1stdBShx8QGlJEzgFQqnJTYGG7DFrgw5AkDM6GSl2gCELyIAALjlLln2-8k840g:1lbG62:Sb1-z39kGhtH9phRV9l4NhyHUX0aBPaqglvvJWDih6M", "expire_date": "2021-05-11T05:17:18.891Z"}}, {"model": "sessions.session", "pk": "0po2yl6cib8p284mn87qj9sj9fjcd3hc", "fields": {"session_data": ".eJxVjDsOwjAQBe_iGll2_Kekzxkse3eDA8iW4qRC3J1ESgHtm5n3ZjFta4lbpyXOyK7Ms8vvlhM8qR4AH6neG4dW12XO_FD4STsfG9Lrdrp_ByX1stdBShx8QGlJEzgFQqnJTYGG7DFrgw5AkDM6GSl2gCELyIAALjlLln2-8k840g:1lZok2:Q7d9mk0oLJ2Aows5aV5806BsUyGgzkYfaAotUOAV0p8", "expire_date": "2021-05-07T05:52:38.781Z"}}, {"model": "sessions.session", "pk": "2r2in5lokocxsbmj6sv4m6j5vfuzwpsa", "fields": {"session_data": ".eJxVjDsOwjAQBe_iGll2_Kekzxkse3eDA8iW4qRC3J1ESgHtm5n3ZjFta4lbpyXOyK7Ms8vvlhM8qR4AH6neG4dW12XO_FD4STsfG9Lrdrp_ByX1stdBShx8QGlJEzgFQqnJTYGG7DFrgw5AkDM6GSl2gCELyIAALjlLln2-8k840g:1ldYIu:bH0hag0s4FzCnGN09QVUiT5yMheS3aeb9Bca-DtolRs", "expire_date": "2021-05-17T13:08:04.794Z"}}, {"model": "sessions.session", "pk": "2vrwqoeyywhwpon5o8c2h2x1fernm1vh", "fields": {"session_data": ".eJxVjDsOwjAQBe_iGll2_Kekzxkse3eDA8iW4qRC3J1ESgHtm5n3ZjFta4lbpyXOyK7Ms8vvlhM8qR4AH6neG4dW12XO_FD4STsfG9Lrdrp_ByX1stdBShx8QGlJEzgFQqnJTYGG7DFrgw5AkDM6GSl2gCELyIAALjlLln2-8k840g:1lXexw:YiNUEWGztq-aPDJwPDKx_Gl_FZFeRRWF-fD8qlbCHZM", "expire_date": "2021-05-01T07:02:04.281Z"}}, {"model": "sessions.session", "pk": "39lo30h7yk9dcithmpsmpuf2t61lbp39", "fields": {"session_data": ".eJxVjMEOwiAQRP-FsyGwJSx49O43kIUFqRqalPbU-O-2SQ96m8x7M5sItC41rD3PYWRxFVpcfrtI6ZXbAfhJ7THJNLVlHqM8FHnSLu8T5_ftdP8OKvW6rzN6xExRg_XacgEmrwEgoUJg1smZ4pQlLKCc37OznHgYwBtgE4v4fAHVojeE:1lRco2:TDnGXnDbn8kfmgJ4gW-gSRe8ix3Ar7aoBEPSWZHAf9Q", "expire_date": "2021-04-14T15:30:54.382Z"}}, {"model": "sessions.session", "pk": "7qkz6x3n3xh0e51q6lw5uinc6jk6she5", "fields": {"session_data": ".eJxVjMEOwiAQRP-FsyGwJSx49O43kIUFqRqalPbU-O-2SQ96m8x7M5sItC41rD3PYWRxFVpcfrtI6ZXbAfhJ7THJNLVlHqM8FHnSLu8T5_ftdP8OKvW6rzN6xExRg_XacgEmrwEgoUJg1smZ4pQlLKCc37OznHgYwBtgE4v4fAHVojeE:1lbM6E:gSr_frlJKJNunKFFuZe5e2Zgl1V7dMICpmuY8Z_lhXU", "expire_date": "2021-05-11T11:41:54.797Z"}}, {"model": "sessions.session", "pk": "a2jw7pcnpdlr9ikqr49kfu7nv0aqqe9f", "fields": {"session_data": ".eJxVjMEOwiAQRP-FsyGwJSx49O43kIUFqRqalPbU-O-2SQ96m8x7M5sItC41rD3PYWRxFVpcfrtI6ZXbAfhJ7THJNLVlHqM8FHnSLu8T5_ftdP8OKvW6rzN6xExRg_XacgEmrwEgoUJg1smZ4pQlLKCc37OznHgYwBtgE4v4fAHVojeE:1lPU8q:rq7immZBXnH581xrTwinBTqkNh6pJSgqvAY-iuQKICA", "expire_date": "2021-04-08T17:51:32.514Z"}}, {"model": "sessions.session", "pk": "b18gsh7xjd8f4rol0jc52gh0taaezofk", "fields": {"session_data": ".eJxVjMEOwiAQRP-FsyGwJSx49O43kIUFqRqalPbU-O-2SQ96m8x7M5sItC41rD3PYWRxFVpcfrtI6ZXbAfhJ7THJNLVlHqM8FHnSLu8T5_ftdP8OKvW6rzN6xExRg_XacgEmrwEgoUJg1smZ4pQlLKCc37OznHgYwBtgE4v4fAHVojeE:1lkRMF:Jl0tA0TU2oTRa_RpmU0IQ6_9E-Wjw7Erb8Ne4Ggezl4", "expire_date": "2021-06-05T13:07:59.017Z"}}, {"model": "sessions.session", "pk": "ekd0znkl3q740o9juvpyie2pw0o380x0", "fields": {"session_data": ".eJxVjMEOwiAQRP-FsyGwJSx49O43kIUFqRqalPbU-O-2SQ96m8x7M5sItC41rD3PYWRxFVpcfrtI6ZXbAfhJ7THJNLVlHqM8FHnSLu8T5_ftdP8OKvW6rzN6xExRg_XacgEmrwEgoUJg1smZ4pQlLKCc37OznHgYwBtgE4v4fAHVojeE:1lkUsF:56wEawhBimDXfQZU2brx6yXvDo4wFqJA5-bPHlawddk", "expire_date": "2021-06-05T16:53:15.061Z"}}, {"model": "sessions.session", "pk": "fg5e8wl43b8ysccmw1dsxlu5osnst1et", "fields": {"session_data": ".eJxVjDsOwjAQBe_iGll2_Kekzxkse3eDA8iW4qRC3J1ESgHtm5n3ZjFta4lbpyXOyK7Ms8vvlhM8qR4AH6neG4dW12XO_FD4STsfG9Lrdrp_ByX1stdBShx8QGlJEzgFQqnJTYGG7DFrgw5AkDM6GSl2gCELyIAALjlLln2-8k840g:1lfwth:3dHYfun3N-9HLlkj3MgVi2-K175gFQl7JEj2HkoNiiw", "expire_date": "2021-05-24T03:47:57.520Z"}}, {"model": "sessions.session", "pk": "h572i852384ue3edytipxugs2avwx8mo", "fields": {"session_data": ".eJxVjMEOwiAQRP-FsyGwJSx49O43kIUFqRqalPbU-O-2SQ96m8x7M5sItC41rD3PYWRxFVpcfrtI6ZXbAfhJ7THJNLVlHqM8FHnSLu8T5_ftdP8OKvW6rzN6xExRg_XacgEmrwEgoUJg1smZ4pQlLKCc37OznHgYwBtgE4v4fAHVojeE:1lYrDY:K7iNUS7ZVSTP10PrL_0eiUicJ9pe9HXE-WBEHS7YpjA", "expire_date": "2021-05-04T14:19:08.332Z"}}, {"model": "sessions.session", "pk": "hk9xeq8dkkkd8kjnu77snpzutf97jfn6", "fields": {"session_data": ".eJxVjDsOwjAQBe_iGll28JeSPmewdr1rHECOFCcV4u4QKQW0b2beSyTY1pq2zkuaSFxEFKffDSE_uO2A7tBus8xzW5cJ5a7Ig3Y5zsTP6-H-HVTo9Vujdoway2CVdiYzU4k2E2rPZ4CgwDhtjIrAJoQAVAblrKPoyRtmCOL9AQDfOGs:1lfyvV:OhKNu40eUyfq63VovsPkHFMM5-a9q0xzwo_Kfof_EqE", "expire_date": "2021-05-24T05:57:57.432Z"}}, {"model": "sessions.session", "pk": "jwx5jqkvc46nd0qxpqhh6bc8bs4qj7o1", "fields": {"session_data": ".eJxVjMEOwiAQRP-FsyGwJSx49O43kIUFqRqalPbU-O-2SQ96m8x7M5sItC41rD3PYWRxFVpcfrtI6ZXbAfhJ7THJNLVlHqM8FHnSLu8T5_ftdP8OKvW6rzN6xExRg_XacgEmrwEgoUJg1smZ4pQlLKCc37OznHgYwBtgE4v4fAHVojeE:1lUBC5:NumQQFKfziuY-OVRWbLJK_cecAmgCmp2-nEvtVcxEF0", "expire_date": "2021-04-21T16:38:17.765Z"}}, {"model": "sessions.session", "pk": "kor8ffwtfa26xhf6lt42oubb2sv7bvvs", "fields": {"session_data": ".eJxVjDsOwjAQBe_iGll28JeSPmewdr1rHECOFCcV4u4QKQW0b2beSyTY1pq2zkuaSFxEFKffDSE_uO2A7tBus8xzW5cJ5a7Ig3Y5zsTP6-H-HVTo9Vujdoway2CVdiYzU4k2E2rPZ4CgwDhtjIrAJoQAVAblrKPoyRtmCOL9AQDfOGs:1lbOtf:qxGn78ZhsF23H5Ow-rIcyhcYjidLWVZRhgC4JUaN5WE", "expire_date": "2021-05-11T14:41:07.268Z"}}, {"model": "sessions.session", "pk": "llqxgckbve5v8yc3zfaqsoasxar869ug", "fields": {"session_data": ".eJxVjDsOwjAQBe_iGll2_Kekzxkse3eDA8iW4qRC3J1ESgHtm5n3ZjFta4lbpyXOyK7Ms8vvlhM8qR4AH6neG4dW12XO_FD4STsfG9Lrdrp_ByX1stdBShx8QGlJEzgFQqnJTYGG7DFrgw5AkDM6GSl2gCELyIAALjlLln2-8k840g:1lgXRs:2LlF7TJHmNTsLCkSKJBTQeCx2B_Mlo2tmsuR6SZl-08", "expire_date": "2021-05-25T18:49:40.517Z"}}, {"model": "sessions.session", "pk": "m182qxbkjfd6t6lilvm4riidg4stnyj0", "fields": {"session_data": ".eJxVjMEOwiAQRP-FsyGwJSx49O43kIUFqRqalPbU-O-2SQ96m8x7M5sItC41rD3PYWRxFVpcfrtI6ZXbAfhJ7THJNLVlHqM8FHnSLu8T5_ftdP8OKvW6rzN6xExRg_XacgEmrwEgoUJg1smZ4pQlLKCc37OznHgYwBtgE4v4fAHVojeE:1lYonE:9LZzxId_Cn5dE4qlnjj1iQgI8ivCCTc33OTTlWXuBn0", "expire_date": "2021-05-04T11:43:48.024Z"}}, {"model": "sessions.session", "pk": "m2hzli2g5hu7zol97jsgzbl8lzyye80x", "fields": {"session_data": ".eJxVjDsOwjAQBe_iGll28JeSPmewdr1rHECOFCcV4u4QKQW0b2beSyTY1pq2zkuaSFxEFKffDSE_uO2A7tBus8xzW5cJ5a7Ig3Y5zsTP6-H-HVTo9Vujdoway2CVdiYzU4k2E2rPZ4CgwDhtjIrAJoQAVAblrKPoyRtmCOL9AQDfOGs:1lYnuP:iVaEbKr9ZeDjbx7LwGs_W05fS1RhAxuDqjsaea9VmxA", "expire_date": "2021-05-04T10:47:09.850Z"}}, {"model": "sessions.session", "pk": "mjad6oecfdhwpr9lzdmbz3a01hpo2u8k", "fields": {"session_data": ".eJxVjMEOwiAQRP-FsyGwJSx49O43kIUFqRqalPbU-O-2SQ96m8x7M5sItC41rD3PYWRxFVpcfrtI6ZXbAfhJ7THJNLVlHqM8FHnSLu8T5_ftdP8OKvW6rzN6xExRg_XacgEmrwEgoUJg1smZ4pQlLKCc37OznHgYwBtgE4v4fAHVojeE:1ljac2:4ni8z10chHgnOBY9vwOIK7HQiGnCtdDtAsN1dA-N7jc", "expire_date": "2021-06-03T04:48:46.099Z"}}, {"model": "sessions.session", "pk": "mnal5uig7oltr4huvkc7az1tyj4qe76l", "fields": {"session_data": ".eJxVjDsOwjAQBe_iGll28JeSPmewdr1rHECOFCcV4u4QKQW0b2beSyTY1pq2zkuaSFxEFKffDSE_uO2A7tBus8xzW5cJ5a7Ig3Y5zsTP6-H-HVTo9Vujdoway2CVdiYzU4k2E2rPZ4CgwDhtjIrAJoQAVAblrKPoyRtmCOL9AQDfOGs:1lWxZt:0KQVwFmHytKpzZ6dbJj2OttteW2Yyaxyr0yT52xT1iY", "expire_date": "2021-04-29T08:42:21.516Z"}}, {"model": "sessions.session", "pk": "n9u4y32f58hu7al2iapz2vcup4cmkbej", "fields": {"session_data": ".eJxVjDsOwjAQBe_iGll28JeSPmewdr1rHECOFCcV4u4QKQW0b2beSyTY1pq2zkuaSFxEFKffDSE_uO2A7tBus8xzW5cJ5a7Ig3Y5zsTP6-H-HVTo9Vujdoway2CVdiYzU4k2E2rPZ4CgwDhtjIrAJoQAVAblrKPoyRtmCOL9AQDfOGs:1lXM2o:_zsPGm2ttp4UB6spk-wjuoaefsMPczeePvgCAQiN3K4", "expire_date": "2021-04-30T10:49:50.428Z"}}, {"model": "sessions.session", "pk": "na6xzay9tknxyautcbo19f0swxybcskw", "fields": {"session_data": ".eJxVjMEOwiAQRP-FsyGwJSx49O43kIUFqRqalPbU-O-2SQ96m8x7M5sItC41rD3PYWRxFVpcfrtI6ZXbAfhJ7THJNLVlHqM8FHnSLu8T5_ftdP8OKvW6rzN6xExRg_XacgEmrwEgoUJg1smZ4pQlLKCc37OznHgYwBtgE4v4fAHVojeE:1lcmSt:s9STDrc_V0UX_Kl1CySwYGomrKCyKV9tSXWZo0zk5uc", "expire_date": "2021-05-15T10:03:11.337Z"}}, {"model": "sessions.session", "pk": "p4x4j40o2jbbj06mkformfdrfisxxa2q", "fields": {"session_data": ".eJxVjMEOwiAQRP-FsyGwJSx49O43kIUFqRqalPbU-O-2SQ96m8x7M5sItC41rD3PYWRxFVpcfrtI6ZXbAfhJ7THJNLVlHqM8FHnSLu8T5_ftdP8OKvW6rzN6xExRg_XacgEmrwEgoUJg1smZ4pQlLKCc37OznHgYwBtgE4v4fAHVojeE:1lhv6X:cGG3ULwbRw_6U11F8aamzASqVkVu5eQwPt6YAl_0QMs", "expire_date": "2021-05-29T14:17:21.351Z"}}, {"model": "sessions.session", "pk": "pmiyg52gyzo5mbu9h5cix5rxytg096zg", "fields": {"session_data": ".eJxVjMEOwiAQRP-FsyGwJSx49O43kIUFqRqalPbU-O-2SQ96m8x7M5sItC41rD3PYWRxFVpcfrtI6ZXbAfhJ7THJNLVlHqM8FHnSLu8T5_ftdP8OKvW6rzN6xExRg_XacgEmrwEgoUJg1smZ4pQlLKCc37OznHgYwBtgE4v4fAHVojeE:1ladnC:dXVHoYwfWVHJqY1QRUqJ66Vq96KkYxOOIS3MlWoiMMk", "expire_date": "2021-05-09T12:23:18.729Z"}}, {"model": "sessions.session", "pk": "qvgb2uho8xmwr4bcpkpv7zg388fz3l1y", "fields": {"session_data": ".eJxVjMEOwiAQRP-FsyGwJSx49O43kIUFqRqalPbU-O-2SQ96m8x7M5sItC41rD3PYWRxFVpcfrtI6ZXbAfhJ7THJNLVlHqM8FHnSLu8T5_ftdP8OKvW6rzN6xExRg_XacgEmrwEgoUJg1smZ4pQlLKCc37OznHgYwBtgE4v4fAHVojeE:1lerZu:WhDv7lGKAjbm7q7xMOiPUWHBf31WgH-4POk-2YSWz0Q", "expire_date": "2021-05-21T03:55:02.568Z"}}, {"model": "sessions.session", "pk": "urkjedxpfd5kuxub7h5hkb11oxuox7du", "fields": {"session_data": ".eJxVjEEOwiAQAP_C2RBopbv16N03EJZdpGogKe3J-HdD0oNeZybzVj7sW_Z7k9UvrC4K1emXUYhPKV3wI5R71bGWbV1I90QftulbZXldj_ZvkEPLfTu5cRSmeUgWYYhxmlMCIRZ0BAxnMAII4MiAWIksAIYxpdEAirHq8wXzjTg0:1lmf7s:LCG6oYpkscZ3RjPEfOlqLTRbLaWM2-9Lmh5KIYu74Bg", "expire_date": "2021-06-11T16:14:20.563Z"}}, {"model": "sessions.session", "pk": "z3t7d1fqa2agiflytvbz7scgb64ck6w3", "fields": {"session_data": ".eJxVjMEOwiAQRP-FsyGwJSx49O43kIUFqRqalPbU-O-2SQ96m8x7M5sItC41rD3PYWRxFVpcfrtI6ZXbAfhJ7THJNLVlHqM8FHnSLu8T5_ftdP8OKvW6rzN6xExRg_XacgEmrwEgoUJg1smZ4pQlLKCc37OznHgYwBtgE4v4fAHVojeE:1lYPcc:XLbpewTm8GxEmFxGmGGlbDcmiTOv528ip694m0yP4I4", "expire_date": "2021-05-03T08:51:10.829Z"}}, {"model": "store.seller", "pk": 1, "fields": {"user": 8, "name": "Seller One", "phone": "9851234567", "date_created": "2021-04-11T08:35:39.723Z", "image": "profilePic.jpg"}}, {"model": "store.seller", "pk": 2, "fields": {"user": 9, "name": "Seller Two", "phone": "9841234567", "date_created": "2021-04-11T09:28:31.833Z", "image": ""}}, {"model": "store.customer", "pk": 1, "fields": {"user": 1, "name": "Ishan Panta", "phone": "9861963866", "date_created": "2021-04-06T07:49:18.039Z"}}, {"model": "store.customer", "pk": 4, "fields": {"user": 4, "name": "Mulyankan Sharma", "phone": "9841234567", "date_created": "2021-04-06T11:27:27.434Z"}}, {"model": "store.customer", "pk": 5, "fields": {"user": 5, "name": "Sangrash Paudel", "phone": "9841987654", "date_created": "2021-04-06T13:39:11.799Z"}}, {"model": "store.customer", "pk": 8, "fields": {"user": 10, "name": "Mulyankan Sharma", "phone": "9841234567", "date_created": "2021-04-16T10:31:59.737Z"}}, {"model": "store.category", "pk": 1, "fields": {"title": "Laptops", "slug": "laptops", "image": "dell-mon.jpg"}}, {"model": "store.category", "pk": 2, "fields": {"title": "Watches", "slug": "watch", "image": "women-watch.jpg"}}, {"model": "store.category", "pk": 3, "fields": {"title": "Clothes", "slug": "clothes", "image": "men-blazer.jpg"}}, {"model": "store.category", "pk": 4, "fields": {"title": "Mobiles", "slug": "mobiles", "image": "galaxy_s7.jpg"}}, {"model": "store.product", "pk": 1, "fields": {"seller": 1, "name": "Mac Pro", "slug": "mac-pro", "price": "980.00", "quantity": 15, "brand": "Apple", "category": 1, "image": "laptop-img.jpg", "description": "This is a powerfull laptop. This is a powefull laptop. This is a powefull laptop. This is a powefull laptop. This is a powefull laptop. This is a powefull laptop. This is a powefull laptop. This is a powefull laptop. This is a powefull laptop. This is a powefull laptop.", "discount": 0.0, "warranty": "1 year", "return_policy": "2 week if not damaged", "view_count": 52, "date_added": "2021-05-08T09:19:48.871Z", "disable": false}}, {"model": "store.product", "pk": 2, "fields": {"seller": 1, "name": "Head Phones", "slug": "head-phones", "price": "499.99", "quantity": 12, "brand": "Samsung", "category": 4, "image": "headphones.jpg", "description": "Head-phones are used to listen to music. Head-phones are used to listen to music. Head-phones are used to listen to music. Head-phones are used to listen to music. Head-phones are used to listen to music.", "discount": 0.0, "warranty": "1 year", "return_policy": "2 week if not damaged.", "view_count": 17, "date_added": "2021-05-08T09:19:48.871Z", "disable": false}}, {"model": "store.product", "pk": 3, "fields": {"seller": 1, "name": "T-shirt", "slug": "t-shirt", "price": "25.00", "quantity": 11, "brand": "Adidas", "category": 3, "image": "shirt.jpg", "description": "This is cool. This is cool. This is cool. This is cool. This is cool. This is cool. This is cool. This is cool. This is cool. This is cool. This is cool. This is cool. This is cool. This is cool. This is cool. This is cool. This is cool.", "discount": 0.0, "warranty": "No warranty", "return_policy": "Within one weeks", "view_count": 36, "date_added": "2021-05-08T09:19:48.871Z", "disable": false}}, {"model": "store.product", "pk": 4, "fields": {"seller": 1, "name": "Nike Shoe", "slug": "nike-shoes", "price": "150.00", "quantity": 2, "brand": "Nike", "category": 3, "image": "shoes.jpg", "description": "This shoes is confy. This shoes is confy. This shoes is confy. This shoes is confy. This shoes is confy. This shoes is confy. This shoes is confy. This shoes is confy. This shoes is confy. This shoes is confy.", "discount": 0.0, "warranty": "No warranty", "return_policy": "2 week if not damaged.", "view_count": 165, "date_added": "2021-05-08T09:19:48.871Z", "disable": false}}, {"model": "store.product", "pk": 5, "fields": {"seller": 1, "name": "Watch", "slug": "watch", "price": "999.00", "quantity": 8, "brand": "Rolex", "category": 2, "image": "watch.jpg", "description": "This watch is beautiful. This watch is beautiful. This watch is beautiful. This watch is beautiful. This watch is beautiful. This watch is beautiful. This watch is beautiful. This watch is beautiful. This watch is beautiful.", "discount": 0.0, "warranty": "1 year", "return_policy": "Within one weeks", "view_count": 47, "date_added": "2021-05-08T09:19:48.871Z", "disable": false}}, {"model": "store.product", "pk": 6, "fields": {"seller": 1, "name": "Communications Skill", "slug": "communications-skill", "price": "19.00", "quantity": 9, "brand": "Samsung", "category": 1, "image": "book.jpg", "description": "Books are the most powerfull weapons that there exits. Books are the most powerfull weapons that there exits. Books are the most powerfull weapons that there exits. Books are the most powerfull weapons that there exits. Books are the most powerfull weapons that there exits.", "discount": 0.0, "warranty": "No warranty", "return_policy": "Within one weeks", "view_count": 14, "date_added": "2021-05-08T09:19:48.871Z", "disable": false}}, {"model": "store.product", "pk": 7, "fields": {"seller": 2, "name": "Half Pant", "slug": "half-pant", "price": "125.00", "quantity": 4, "brand": "Adidas", "category": 3, "image": "half-pant.jpg", "description": "Its good for the sunny seasons. Its good for the sunny seasons. Its good for the sunny seasons. Its good for the sunny seasons. Its good for the sunny seasons. Its good for the sunny seasons. Its good for the sunny seasons. Its good for the sunny seasons. Its good for the sunny seasons.", "discount": 0.0, "warranty": "No warranty", "return_policy": "Within one weeks", "view_count": 12, "date_added": "2021-05-08T09:19:48.871Z", "disable": false}}, {"model": "store.product", "pk": 8, "fields": {"seller": 2, "name": "Women Blazer", "slug": "women-blazer", "price": "350.00", "quantity": 3, "brand": "Adidas", "category": 3, "image": "women-blazer.jpg", "description": "Women looks great in this Blazer. Women looks great in this Blazer. Women looks great in this Blazer. Women looks great in this Blazer. Women looks great in this Blazer. Women looks great in this Blazer. Women looks great in this Blazer. Women looks great in this Blazer. Women looks great in this Blazer.", "discount": 0.0, "warranty": "No warranty", "return_policy": "Within one weeks", "view_count": 11, "date_added": "2021-05-08T09:19:48.871Z", "disable": false}}, {"model": "store.product", "pk": 9, "fields": {"seller": 2, "name": "Men Blazer", "slug": "men-blazer", "price": "250.25", "quantity": 14, "brand": "Nike", "category": 3, "image": "men-blazer.jpg", "description": "This is the best. This is the best. This is the best. This is the best. This is the best. This is the best. This is the best. This is the best. This is the best. This is the best. This is the best. This is the best. This is the best. This is the best. This is the best.", "discount": 0.0, "warranty": "No warranty", "return_policy": "Within one weeks", "view_count": 9, "date_added": "2021-05-08T09:19:48.871Z", "disable": false}}, {"model": "store.product", "pk": 10, "fields": {"seller": 2, "name": "Acer Nitro Pro", "slug": "acer-nitro-pro", "price": "999.99", "quantity": 20, "brand": "Acer", "category": 1, "image": "laptop123.jpeg", "description": "This is the cool laptop. This is the cool laptop. This is the cool laptop. This is the cool laptop. This is the cool laptop. This is the cool laptop. This is the cool laptop. This is the cool laptop. This is the cool laptop. This is the cool laptop.", "discount": 0.0, "warranty": "1 year", "return_policy": "2 week if not damaged.", "view_count": 13, "date_added": "2021-05-08T09:19:48.871Z", "disable": false}}, {"model": "store.product", "pk": 11, "fields": {"seller": 2, "name": "Iphone 12 Max", "slug": "iphone-12-max", "price": "1250.50", "quantity": 10, "brand": "Apple", "category": 4, "image": "iphone321.jpg", "description": "Mobile. Mobile. Mobile. Mobile. Mobile. Mobile. Mobile. Mobile. Mobile. Mobile. Mobile. Mobile. Mobile. Mobile. Mobile. Mobile. Mobile. Mobile. Mobile. Mobile. Mobile. Mobile. Mobile. Mobile. Mobile. Mobile. Mobile. Mobile. Mobile. Mobile. Mobile. Mobile. Mobile. Mobile. Mobile.", "discount": 0.0, "warranty": "1 year", "return_policy": "2 week if not damaged.", "view_count": 22, "date_added": "2021-05-08T09:19:48.871Z", "disable": false}}, {"model": "store.product", "pk": 12, "fields": {"seller": 2, "name": "Women Watch", "slug": "women-watch", "price": "850.45", "quantity": 16, "brand": "Apple", "category": 2, "image": "women-watch.jpg", "description": "Watch. Watch. Watch. Watch. Watch. Watch. Watch. Watch. Watch. Watch. Watch. Watch. Watch. Watch. Watch. Watch. Watch. Watch. Watch. Watch. Watch. Watch. Watch. Watch. Watch. Watch. Watch. Watch. Watch. Watch. Watch. Watch. Watch. Watch.", "discount": 0.0, "warranty": "1 year", "return_policy": "Within one weeks", "view_count": 280, "date_added": "2021-05-08T09:19:48.871Z", "disable": false}}, {"model": "store.product", "pk": 13, "fields": {"seller": 2, "name": "Rolex", "slug": "rolex", "price": "250.00", "quantity": 11, "brand": "Rolex", "category": 2, "image": "rolex.jpg", "description": "Rolex is the best. Rolex is the best. Rolex is the best. Rolex is the best. Rolex is the best. Rolex is the best. Rolex is the best. Rolex is the best. Rolex is the best. Rolex is the best. Rolex is the best. Rolex is the best. Rolex is the best. Rolex is the best.", "discount": 0.0, "warranty": "1 year", "return_policy": "Within one weeks", "view_count": 18, "date_added": "2021-05-08T09:19:48.871Z", "disable": false}}, {"model": "store.product", "pk": 14, "fields": {"seller": 2, "name": "Samsung Galaxy s7", "slug": "samsung-galaxy-s7", "price": "350.25", "quantity": 14, "brand": "Samsung", "category": 4, "image": "galaxy_s7.jpg", "description": "Samsung was created by me. Samsung was created by me. Samsung was created by me. Samsung was created by me. Samsung was created by me. Samsung was created by me. Samsung was created by me. Samsung was created by me. Samsung was created by me.", "discount": 0.0, "warranty": "1 year", "return_policy": "Within one weeks", "view_count": 22, "date_added": "2021-05-08T09:19:48.871Z", "disable": false}}, {"model": "store.product", "pk": 20, "fields": {"seller": 1, "name": "Black Shoe", "slug": "black-shoe", "price": "250.00", "quantity": 10, "brand": "Nike", "category": 3, "image": "shoes-2.jpg", "description": "Nice Shoe. Nice Shoe. Nice Shoe. Nice Shoe. Nice Shoe. Nice Shoe. Nice Shoe. Nice Shoe. Nice Shoe. Nice Shoe. Nice Shoe. Nice Shoe. Nice Shoe. Nice Shoe. Nice Shoe. Nice Shoe. Nice Shoe. Nice Shoe. Nice Shoe. Nice Shoe. Nice Shoe. Nice Shoe.", "discount": 10.0, "warranty": "No warranty", "return_policy": "Within one weeks", "view_count": 36, "date_added": "2021-05-16T06:43:24.506Z", "disable": false}}, {"model": "store.productimage", "pk": 1, "fields": {"product": 12, "image": "apple-watch.jpeg"}}, {"model": "store.productimage", "pk": 2, "fields": {"product": 12, "image": "samsung_watch.jpg"}}, {"model": "store.productimage", "pk": 3, "fields": {"product": 12, "image": "rolex.jpg"}}, {"model": "store.productimage", "pk": 4, "fields": {"product": 12, "image": "apple-watch.jpeg"}}, {"model": "store.productimage", "pk": 41, "fields": {"product": 20, "image": "shoes-1.jpeg"}}, {"model": "store.productimage", "pk": 42, "fields": {"product": 20, "image": "shoes-3.jpg"}}, {"model": "store.productimage", "pk": 43, "fields": {"product": 20, "image": "shoes-4.jfif"}}, {"model": "store.productcomment", "pk": 1, "fields": {"comment": "hello its me ishan", "user": 1, "product": 4, "parent": null, "timestamp": "2021-05-03T05:41:45.322Z"}}, {"model": "store.productcomment", "pk": 4, "fields": {"comment": "good Shoe", "user": 10, "product": 4, "parent": null, "timestamp": "2021-05-03T09:05:44.738Z"}}, {"model": "store.productcomment", "pk": 5, "fields": {"comment": "Good quality shoe", "user": 1, "product": 4, "parent": null, "timestamp": "2021-05-03T10:23:26.492Z"}}, {"model": "store.productcomment", "pk": 6, "fields": {"comment": "This is the reply to the comment posted by mullu don.", "user": 1, "product": 4, "parent": 4, "timestamp": "2021-05-03T10:30:19.111Z"}}, {"model": "store.productcomment", "pk": 7, "fields": {"comment": "hi", "user": 1, "product": 4, "parent": 1, "timestamp": "2021-05-03T10:31:23.648Z"}}, {"model": "store.productcomment", "pk": 8, "fields": {"comment": "reply reply reply", "user": 1, "product": 4, "parent": 4, "timestamp": "2021-05-03T11:10:39.693Z"}}, {"model": "store.productcomment", "pk": 14, "fields": {"comment": "I am seller", "user": 9, "product": 7, "parent": null, "timestamp": "2021-05-10T12:02:55.483Z"}}, {"model": "store.recommendation", "pk": 11, "fields": {"customer": 1, "search_product": "watch", "view_product": "Black Shoe"}}, {"model": "store.recommendation", "pk": 12, "fields": {"customer": 5, "search_product": null, "view_product": null}}, {"model": "store.order", "pk": 1, "fields": {"customer": 1, "date_ordered": "2021-03-25T17:04:48.560Z", "complete": true, "transaction_id": "1617130658.193476"}}, {"model": "store.order", "pk": 2, "fields": {"customer": 1, "date_ordered": "2021-03-30T18:57:40.835Z", "complete": true, "transaction_id": "1617959708.723877"}}, {"model": "store.order", "pk": 3, "fields": {"customer": 5, "date_ordered": "2021-04-06T13:39:38.395Z", "complete": true, "transaction_id": "1617958215.836377"}}, {"model": "store.order", "pk": 4, "fields": {"customer": 5, "date_ordered": "2021-04-09T08:50:18.041Z", "complete": false, "transaction_id": null}}, {"model": "store.order", "pk": 5, "fields": {"customer": 1, "date_ordered": "2021-04-09T09:15:10.445Z", "complete": true, "transaction_id": "1617959815.692824"}}, {"model": "store.order", "pk": 6, "fields": {"customer": 1, "date_ordered": "2021-04-09T09:16:57.299Z", "complete": true, "transaction_id": "1618569621.928243"}}, {"model": "store.order", "pk": 7, "fields": {"customer": 8, "date_ordered": "2021-04-16T10:32:10.425Z", "complete": true, "transaction_id": "1618569194.070037"}}, {"model": "store.order", "pk": 8, "fields": {"customer": 8, "date_ordered": "2021-04-16T10:33:16.216Z", "complete": false, "transaction_id": null}}, {"model": "store.order", "pk": 9, "fields": {"customer": 1, "date_ordered": "2021-04-16T10:40:24.017Z", "complete": true, "transaction_id": "1619523472.9941"}}, {"model": "store.order", "pk": 10, "fields": {"customer": 1, "date_ordered": "2021-04-27T11:37:54.654Z", "complete": true, "transaction_id": "1619541024.076288"}}, {"model": "store.order", "pk": 11, "fields": {"customer": 1, "date_ordered": "2021-04-27T16:30:28.077Z", "complete": true, "transaction_id": "1620973492.335864"}}, {"model": "store.order", "pk": 13, "fields": {"customer": 1, "date_ordered": "2021-05-14T06:24:54.636Z", "complete": false, "transaction_id": null}}, {"model": "store.orderitem", "pk": 1, "fields": {"product": 1, "order": 1, "quantity": 2, "date_added": "2021-03-25T17:05:11.160Z", "orderItem_order_status": "Order Received", "noti_status": false}}, {"model": "store.orderitem", "pk": 2, "fields": {"product": 3, "order": 1, "quantity": 3, "date_added": "2021-03-25T17:05:29.521Z", "orderItem_order_status": "Order Received", "noti_status": false}}, {"model": "store.orderitem", "pk": 4, "fields": {"product": 2, "order": 1, "quantity": 1, "date_added": "2021-03-30T17:40:45.352Z", "orderItem_order_status": "Order Received", "noti_status": false}}, {"model": "store.orderitem", "pk": 44, "fields": {"product": 1, "order": 3, "quantity": 1, "date_added": "2021-04-09T08:49:28.790Z", "orderItem_order_status": "Order Received", "noti_status": false}}, {"model": "store.orderitem", "pk": 45, "fields": {"product": 6, "order": 3, "quantity": 1, "date_added": "2021-04-09T08:49:35.328Z", "orderItem_order_status": "Order Received", "noti_status": false}}, {"model": "store.orderitem", "pk": 46, "fields": {"product": 12, "order": 2, "quantity": 3, "date_added": "2021-04-09T09:02:13.960Z", "orderItem_order_status": "On the way", "noti_status": false}}, {"model": "store.orderitem", "pk": 47, "fields": {"product": 2, "order": 5, "quantity": 2, "date_added": "2021-04-09T09:16:45.355Z", "orderItem_order_status": "Order Received", "noti_status": true}}, {"model": "store.orderitem", "pk": 56, "fields": {"product": 1, "order": 7, "quantity": 1, "date_added": "2021-04-16T10:32:17.491Z", "orderItem_order_status": "Order Received", "noti_status": true}}, {"model": "store.orderitem", "pk": 57, "fields": {"product": 6, "order": 7, "quantity": 1, "date_added": "2021-04-16T10:32:21.137Z", "orderItem_order_status": "Order Received", "noti_status": true}}, {"model": "store.orderitem", "pk": 58, "fields": {"product": 10, "order": 7, "quantity": 1, "date_added": "2021-04-16T10:32:23.803Z", "orderItem_order_status": "On the way", "noti_status": false}}, {"model": "store.orderitem", "pk": 59, "fields": {"product": 5, "order": 7, "quantity": 1, "date_added": "2021-04-16T10:32:28.004Z", "orderItem_order_status": "Order Received", "noti_status": true}}, {"model": "store.orderitem", "pk": 60, "fields": {"product": 12, "order": 7, "quantity": 1, "date_added": "2021-04-16T10:32:29.267Z", "orderItem_order_status": "On the way", "noti_status": false}}, {"model": "store.orderitem", "pk": 61, "fields": {"product": 13, "order": 7, "quantity": 1, "date_added": "2021-04-16T10:32:31.330Z", "orderItem_order_status": "On the way", "noti_status": false}}, {"model": "store.orderitem", "pk": 62, "fields": {"product": 3, "order": 7, "quantity": 1, "date_added": "2021-04-16T10:32:37.107Z", "orderItem_order_status": "Order Received", "noti_status": true}}, {"model": "store.orderitem", "pk": 63, "fields": {"product": 4, "order": 7, "quantity": 1, "date_added": "2021-04-16T10:32:38.330Z", "orderItem_order_status": "Order Received", "noti_status": true}}, {"model": "store.orderitem", "pk": 64, "fields": {"product": 7, "order": 7, "quantity": 1, "date_added": "2021-04-16T10:32:39.491Z", "orderItem_order_status": "On the way", "noti_status": false}}, {"model": "store.orderitem", "pk": 65, "fields": {"product": 8, "order": 7, "quantity": 1, "date_added": "2021-04-16T10:32:40.811Z", "orderItem_order_status": "On the way", "noti_status": false}}, {"model": "store.orderitem", "pk": 66, "fields": {"product": 9, "order": 7, "quantity": 1, "date_added": "2021-04-16T10:32:42.291Z", "orderItem_order_status": "On the way", "noti_status": false}}, {"model": "store.orderitem", "pk": 67, "fields": {"product": 2, "order": 7, "quantity": 1, "date_added": "2021-04-16T10:32:46.027Z", "orderItem_order_status": "Order Received", "noti_status": true}}, {"model": "store.orderitem", "pk": 68, "fields": {"product": 11, "order": 7, "quantity": 1, "date_added": "2021-04-16T10:32:47.596Z", "orderItem_order_status": "On the way", "noti_status": false}}, {"model": "store.orderitem", "pk": 69, "fields": {"product": 14, "order": 7, "quantity": 1, "date_added": "2021-04-16T10:32:48.971Z", "orderItem_order_status": "On the way", "noti_status": false}}, {"model": "store.orderitem", "pk": 70, "fields": {"product": 11, "order": 6, "quantity": 3, "date_added": "2021-04-16T10:39:43.691Z", "orderItem_order_status": "Order Processing", "noti_status": false}}, {"model": "store.orderitem", "pk": 71, "fields": {"product": 1, "order": 9, "quantity": 3, "date_added": "2021-04-27T11:36:58.670Z", "orderItem_order_status": "On the way", "noti_status": false}}, {"model": "store.orderitem", "pk": 72, "fields": {"product": 6, "order": 9, "quantity": 3, "date_added": "2021-04-27T11:37:02.048Z", "orderItem_order_status": "On the way", "noti_status": false}}, {"model": "store.orderitem", "pk": 74, "fields": {"product": 1, "order": 10, "quantity": 1, "date_added": "2021-04-27T16:26:58.948Z", "orderItem_order_status": "Order Completed", "noti_status": false}}, {"model": "store.orderitem", "pk": 75, "fields": {"product": 10, "order": 10, "quantity": 2, "date_added": "2021-04-27T16:27:09.991Z", "orderItem_order_status": "Order Processing", "noti_status": false}}, {"model": "store.orderitem", "pk": 76, "fields": {"product": 13, "order": 10, "quantity": 2, "date_added": "2021-04-27T16:27:23.361Z", "orderItem_order_status": "Order Processing", "noti_status": false}}, {"model": "store.orderitem", "pk": 77, "fields": {"product": 7, "order": 10, "quantity": 2, "date_added": "2021-04-27T16:27:38.119Z", "orderItem_order_status": "Order Processing", "noti_status": false}}, {"model": "store.orderitem", "pk": 78, "fields": {"product": 8, "order": 10, "quantity": 2, "date_added": "2021-04-27T16:27:49.537Z", "orderItem_order_status": "Order Processing", "noti_status": false}}, {"model": "store.orderitem", "pk": 79, "fields": {"product": 11, "order": 10, "quantity": 2, "date_added": "2021-04-27T16:28:13.392Z", "orderItem_order_status": "Order Processing", "noti_status": false}}, {"model": "store.orderitem", "pk": 82, "fields": {"product": 12, "order": 11, "quantity": 3, "date_added": "2021-05-14T06:24:20.173Z", "orderItem_order_status": "Order Processing", "noti_status": false}}, {"model": "store.orderitem", "pk": 83, "fields": {"product": 13, "order": 11, "quantity": 2, "date_added": "2021-05-14T06:24:22.541Z", "orderItem_order_status": "Order Canceled", "noti_status": true}}, {"model": "store.shippingaddress", "pk": 1, "fields": {"customer": 1, "order": 1, "address": "Nayabasti", "city": "Banepa", "state": "Bagmati", "zipcode": "1215615", "date_added": "2021-03-30T18:57:38.836Z"}}, {"model": "store.shippingaddress", "pk": 2, "fields": {"customer": 5, "order": 3, "address": "28 kilo, Dhulikhel", "city": "Dhulikhel", "state": "Provience 3", "zipcode": "1253", "date_added": "2021-04-09T08:50:16.402Z"}}, {"model": "store.shippingaddress", "pk": 4, "fields": {"customer": 1, "order": 2, "address": "Banepa", "city": "banepa", "state": "sdad", "zipcode": "275373", "date_added": "2021-04-09T09:08:34.322Z"}}, {"model": "store.shippingaddress", "pk": 7, "fields": {"customer": 1, "order": 5, "address": "Nayabasti", "city": "Banepa", "state": "Bagmati", "zipcode": "1215615", "date_added": "2021-04-09T09:16:55.962Z"}}, {"model": "store.shippingaddress", "pk": 8, "fields": {"customer": 8, "order": 7, "address": "Nayabuspark2", "city": "Mumbai", "state": "india", "zipcode": "4452", "date_added": "2021-04-16T10:33:14.474Z"}}, {"model": "store.shippingaddress", "pk": 9, "fields": {"customer": 1, "order": 6, "address": "dubai", "city": "dubai", "state": "dubai", "zipcode": "42652", "date_added": "2021-04-16T10:40:22.370Z"}}, {"model": "store.shippingaddress", "pk": 10, "fields": {"customer": 1, "order": 9, "address": "abc", "city": "abc", "state": "abc", "zipcode": "45145", "date_added": "2021-04-27T11:37:53.161Z"}}, {"model": "store.shippingaddress", "pk": 11, "fields": {"customer": 1, "order": 10, "address": "Kriti marg, koteshor-32", "city": "Kathmandu", "state": "Province 3", "zipcode": "44600-8832", "date_added": "2021-04-27T16:30:24.668Z"}}, {"model": "store.shippingaddress", "pk": 12, "fields": {"customer": 1, "order": 11, "address": "dsfsdf", "city": "fsdfs", "state": "fsdfs", "zipcode": "fsdfsd", "date_added": "2021-05-14T06:24:52.610Z"}}]